title,url,asin,price,rating,review_count
"Apple 2023 MacBook Pro (14-inch, Apple M3 Pro chip with 11‑core CPU and 14‑core GPU, 18GB Unified Memory, 512GB) - Silver",https://www.amazon.com.au/Apple-MacBook-14-inch-11%E2%80%91core-14%E2%80%91core/dp/B0CM5JP83X/ref=sr_1_1?dib=eyJ2IjoiMSJ9.oBdAc7O3znd_-gFuihYepjLhEqX0L8rHRIrahXS8-g5uocx8oT_OYBMhW-TMe_MiSNw7wcwKdlwhzcTjGU4EfKx4rjl_MEKOBmI7LPN0rQqXhV-imCoKon0as71nROYVuJPFY5OSVbFWwmWm0lm-P6pqlZs9UfQFjNSOa5Zb65PTLeGba_-XFFUTYRozzAAiimnR7fXRdwgeFeqt8S100mjHBs9mS1GiGeFJIO9jiunKmIWDyp3jKQN59HjQb-pK5WJj97-91Oy0ifILPe-zUUdEBWwaG9dFLNVxdI_CzVk.dbp9lNBAr9G1TDhsRK85oQOAYau7QgdIHD7yUuxTCtI&dib_tag=se&keywords=Macbook+pro+m3&qid=1746501686&sr=8-1,B0CM5JP83X,"$2,935.79",5.0 out of 5 stars,5
"Apple 2023 MacBook Pro (14-inch, Apple M3 Max chip with 14‑core CPU and 30‑core GPU, 36GB Unified Memory, 1TB) - Silver",https://www.amazon.com.au/Apple-MacBook-14-inch-14%E2%80%91core-30%E2%80%91core/dp/B0CM5K8C2L/ref=sr_1_2?dib=eyJ2IjoiMSJ9.oBdAc7O3znd_-gFuihYepjLhEqX0L8rHRIrahXS8-g5uocx8oT_OYBMhW-TMe_MiSNw7wcwKdlwhzcTjGU4EfKx4rjl_MEKOBmI7LPN0rQqXhV-imCoKon0as71nROYVuJPFY5OSVbFWwmWm0lm-P6pqlZs9UfQFjNSOa5Zb65PTLeGba_-XFFUTYRozzAAiimnR7fXRdwgeFeqt8S100mjHBs9mS1GiGeFJIO9jiunKmIWDyp3jKQN59HjQb-pK5WJj97-91Oy0ifILPe-zUUdEBWwaG9dFLNVxdI_CzVk.dbp9lNBAr9G1TDhsRK85oQOAYau7QgdIHD7yUuxTCtI&dib_tag=se&keywords=Macbook+pro+m3&qid=1746501686&sr=8-2,B0CM5K8C2L,"$5,599.00",5.0 out of 5 stars,5
"Apple 2023 MacBook Pro (16-inch, Apple M3 Pro chip with 12‑core CPU and 18‑core GPU, 18GB Unified Memory, 512GB) - Space Black",https://www.amazon.com.au/Apple-MacBook-16-inch-12%E2%80%91core-18%E2%80%91core/dp/B0CM5BJD7Z/ref=sr_1_3?dib=eyJ2IjoiMSJ9.oBdAc7O3znd_-gFuihYepjLhEqX0L8rHRIrahXS8-g5uocx8oT_OYBMhW-TMe_MiSNw7wcwKdlwhzcTjGU4EfKx4rjl_MEKOBmI7LPN0rQqXhV-imCoKon0as71nROYVuJPFY5OSVbFWwmWm0lm-P6pqlZs9UfQFjNSOa5Zb65PTLeGba_-XFFUTYRozzAAiimnR7fXRdwgeFeqt8S100mjHBs9mS1GiGeFJIO9jiunKmIWDyp3jKQN59HjQb-pK5WJj97-91Oy0ifILPe-zUUdEBWwaG9dFLNVxdI_CzVk.dbp9lNBAr9G1TDhsRK85oQOAYau7QgdIHD7yUuxTCtI&dib_tag=se&keywords=Macbook+pro+m3&qid=1746501686&sr=8-3,B0CM5BJD7Z,"$3,792.27",4.8 out of 5 stars,7
,https://www.amazon.com.au/Apple-2024-MacBook-13-inch-Laptop/dp/B0CX25L4XB/ref=sr_1_4?dib=eyJ2IjoiMSJ9.oBdAc7O3znd_-gFuihYepjLhEqX0L8rHRIrahXS8-g5uocx8oT_OYBMhW-TMe_MiSNw7wcwKdlwhzcTjGU4EfKx4rjl_MEKOBmI7LPN0rQqXhV-imCoKon0as71nROYVuJPFY5OSVbFWwmWm0lm-P6pqlZs9UfQFjNSOa5Zb65PTLeGba_-XFFUTYRozzAAiimnR7fXRdwgeFeqt8S100mjHBs9mS1GiGeFJIO9jiunKmIWDyp3jKQN59HjQb-pK5WJj97-91Oy0ifILPe-zUUdEBWwaG9dFLNVxdI_CzVk.dbp9lNBAr9G1TDhsRK85oQOAYau7QgdIHD7yUuxTCtI&dib_tag=se&keywords=Macbook+pro+m3&qid=1746501686&sr=8-4,B0CX25L4XB,"$1,744.00",5.0 out of 5 stars,
,https://www.amazon.com.au/Apple-MacBook-16-inch-12%E2%80%91core-18%E2%80%91core/dp/B0CM5J2KSX/ref=sr_1_5?dib=eyJ2IjoiMSJ9.oBdAc7O3znd_-gFuihYepjLhEqX0L8rHRIrahXS8-g5uocx8oT_OYBMhW-TMe_MiSNw7wcwKdlwhzcTjGU4EfKx4rjl_MEKOBmI7LPN0rQqXhV-imCoKon0as71nROYVuJPFY5OSVbFWwmWm0lm-P6pqlZs9UfQFjNSOa5Zb65PTLeGba_-XFFUTYRozzAAiimnR7fXRdwgeFeqt8S100mjHBs9mS1GiGeFJIO9jiunKmIWDyp3jKQN59HjQb-pK5WJj97-91Oy0ifILPe-zUUdEBWwaG9dFLNVxdI_CzVk.dbp9lNBAr9G1TDhsRK85oQOAYau7QgdIHD7yUuxTCtI&dib_tag=se&keywords=Macbook+pro+m3&qid=1746501686&sr=8-5,B0CM5J2KSX,"$4,299.00",4.8 out of 5 stars,
,https://www.amazon.com.au/Apple-2024-MacBook-13-inch-Laptop/dp/B0CX26Z41N/ref=sr_1_6?dib=eyJ2IjoiMSJ9.oBdAc7O3znd_-gFuihYepjLhEqX0L8rHRIrahXS8-g5uocx8oT_OYBMhW-TMe_MiSNw7wcwKdlwhzcTjGU4EfKx4rjl_MEKOBmI7LPN0rQqXhV-imCoKon0as71nROYVuJPFY5OSVbFWwmWm0lm-P6pqlZs9UfQFjNSOa5Zb65PTLeGba_-XFFUTYRozzAAiimnR7fXRdwgeFeqt8S100mjHBs9mS1GiGeFJIO9jiunKmIWDyp3jKQN59HjQb-pK5WJj97-91Oy0ifILPe-zUUdEBWwaG9dFLNVxdI_CzVk.dbp9lNBAr9G1TDhsRK85oQOAYau7QgdIHD7yUuxTCtI&dib_tag=se&keywords=Macbook+pro+m3&qid=1746501686&sr=8-6,B0CX26Z41N,"$1,744.00",5.0 out of 5 stars,
,https://www.amazon.com.au/Apple-MacBook-14-inch-10%E2%80%91core-Unified/dp/B0CM5BHK1T/ref=sr_1_7?dib=eyJ2IjoiMSJ9.oBdAc7O3znd_-gFuihYepjLhEqX0L8rHRIrahXS8-g5uocx8oT_OYBMhW-TMe_MiSNw7wcwKdlwhzcTjGU4EfKx4rjl_MEKOBmI7LPN0rQqXhV-imCoKon0as71nROYVuJPFY5OSVbFWwmWm0lm-P6pqlZs9UfQFjNSOa5Zb65PTLeGba_-XFFUTYRozzAAiimnR7fXRdwgeFeqt8S100mjHBs9mS1GiGeFJIO9jiunKmIWDyp3jKQN59HjQb-pK5WJj97-91Oy0ifILPe-zUUdEBWwaG9dFLNVxdI_CzVk.dbp9lNBAr9G1TDhsRK85oQOAYau7QgdIHD7yUuxTCtI&dib_tag=se&keywords=Macbook+pro+m3&qid=1746501686&sr=8-7,B0CM5BHK1T,N/A,4.8 out of 5 stars,
,https://www.amazon.com.au/Apple-2024-MacBook-13-inch-Laptop/dp/B0CX25ZV7S/ref=sr_1_8?dib=eyJ2IjoiMSJ9.oBdAc7O3znd_-gFuihYepjLhEqX0L8rHRIrahXS8-g5uocx8oT_OYBMhW-TMe_MiSNw7wcwKdlwhzcTjGU4EfKx4rjl_MEKOBmI7LPN0rQqXhV-imCoKon0as71nROYVuJPFY5OSVbFWwmWm0lm-P6pqlZs9UfQFjNSOa5Zb65PTLeGba_-XFFUTYRozzAAiimnR7fXRdwgeFeqt8S100mjHBs9mS1GiGeFJIO9jiunKmIWDyp3jKQN59HjQb-pK5WJj97-91Oy0ifILPe-zUUdEBWwaG9dFLNVxdI_CzVk.dbp9lNBAr9G1TDhsRK85oQOAYau7QgdIHD7yUuxTCtI&dib_tag=se&keywords=Macbook+pro+m3&qid=1746501686&sr=8-8,B0CX25ZV7S,"$1,744.00",5.0 out of 5 stars,
,https://www.amazon.com.au/Apple-MacBook-16-inch-12%E2%80%91core-18%E2%80%91core/dp/B0CM5JTN4K/ref=sr_1_9?dib=eyJ2IjoiMSJ9.oBdAc7O3znd_-gFuihYepjLhEqX0L8rHRIrahXS8-g5uocx8oT_OYBMhW-TMe_MiSNw7wcwKdlwhzcTjGU4EfKx4rjl_MEKOBmI7LPN0rQqXhV-imCoKon0as71nROYVuJPFY5OSVbFWwmWm0lm-P6pqlZs9UfQFjNSOa5Zb65PTLeGba_-XFFUTYRozzAAiimnR7fXRdwgeFeqt8S100mjHBs9mS1GiGeFJIO9jiunKmIWDyp3jKQN59HjQb-pK5WJj97-91Oy0ifILPe-zUUdEBWwaG9dFLNVxdI_CzVk.dbp9lNBAr9G1TDhsRK85oQOAYau7QgdIHD7yUuxTCtI&dib_tag=se&keywords=Macbook+pro+m3&qid=1746501686&sr=8-9,B0CM5JTN4K,"$4,899.00",4.8 out of 5 stars,
,https://www.amazon.com.au/Apple-MacBook-14-inch-14%E2%80%91core-30%E2%80%91core/dp/B0CM5KY2SQ/ref=sr_1_10?dib=eyJ2IjoiMSJ9.oBdAc7O3znd_-gFuihYepjLhEqX0L8rHRIrahXS8-g5uocx8oT_OYBMhW-TMe_MiSNw7wcwKdlwhzcTjGU4EfKx4rjl_MEKOBmI7LPN0rQqXhV-imCoKon0as71nROYVuJPFY5OSVbFWwmWm0lm-P6pqlZs9UfQFjNSOa5Zb65PTLeGba_-XFFUTYRozzAAiimnR7fXRdwgeFeqt8S100mjHBs9mS1GiGeFJIO9jiunKmIWDyp3jKQN59HjQb-pK5WJj97-91Oy0ifILPe-zUUdEBWwaG9dFLNVxdI_CzVk.dbp9lNBAr9G1TDhsRK85oQOAYau7QgdIHD7yUuxTCtI&dib_tag=se&keywords=Macbook+pro+m3&qid=1746501686&sr=8-10,B0CM5KY2SQ,"$5,599.00",5.0 out of 5 stars,
,https://www.amazon.com.au/Apple-2024-MacBook-13-inch-Laptop/dp/B0CX262286/ref=sr_1_11?dib=eyJ2IjoiMSJ9.oBdAc7O3znd_-gFuihYepjLhEqX0L8rHRIrahXS8-g5uocx8oT_OYBMhW-TMe_MiSNw7wcwKdlwhzcTjGU4EfKx4rjl_MEKOBmI7LPN0rQqXhV-imCoKon0as71nROYVuJPFY5OSVbFWwmWm0lm-P6pqlZs9UfQFjNSOa5Zb65PTLeGba_-XFFUTYRozzAAiimnR7fXRdwgeFeqt8S100mjHBs9mS1GiGeFJIO9jiunKmIWDyp3jKQN59HjQb-pK5WJj97-91Oy0ifILPe-zUUdEBWwaG9dFLNVxdI_CzVk.dbp9lNBAr9G1TDhsRK85oQOAYau7QgdIHD7yUuxTCtI&dib_tag=se&keywords=Macbook+pro+m3&qid=1746501686&sr=8-11,B0CX262286,"$1,744.00",5.0 out of 5 stars,
,https://www.amazon.com.au/Apple-MacBook-14-inch-10-core-Unified/dp/B0DLJ7WS5F/ref=sr_1_12?dib=eyJ2IjoiMSJ9.oBdAc7O3znd_-gFuihYepjLhEqX0L8rHRIrahXS8-g5uocx8oT_OYBMhW-TMe_MiSNw7wcwKdlwhzcTjGU4EfKx4rjl_MEKOBmI7LPN0rQqXhV-imCoKon0as71nROYVuJPFY5OSVbFWwmWm0lm-P6pqlZs9UfQFjNSOa5Zb65PTLeGba_-XFFUTYRozzAAiimnR7fXRdwgeFeqt8S100mjHBs9mS1GiGeFJIO9jiunKmIWDyp3jKQN59HjQb-pK5WJj97-91Oy0ifILPe-zUUdEBWwaG9dFLNVxdI_CzVk.dbp9lNBAr9G1TDhsRK85oQOAYau7QgdIHD7yUuxTCtI&dib_tag=se&keywords=Macbook+pro+m3&qid=1746501686&sr=8-12,B0DLJ7WS5F,"$2,597.00",N/A,0
,https://www.amazon.com.au/Apple-MacBook-15-inch-10%E2%80%91core-Unified/dp/B0DLHR4579/ref=sr_1_13?dib=eyJ2IjoiMSJ9.oBdAc7O3znd_-gFuihYepjLhEqX0L8rHRIrahXS8-g5uocx8oT_OYBMhW-TMe_MiSNw7wcwKdlwhzcTjGU4EfKx4rjl_MEKOBmI7LPN0rQqXhV-imCoKon0as71nROYVuJPFY5OSVbFWwmWm0lm-P6pqlZs9UfQFjNSOa5Zb65PTLeGba_-XFFUTYRozzAAiimnR7fXRdwgeFeqt8S100mjHBs9mS1GiGeFJIO9jiunKmIWDyp3jKQN59HjQb-pK5WJj97-91Oy0ifILPe-zUUdEBWwaG9dFLNVxdI_CzVk.dbp9lNBAr9G1TDhsRK85oQOAYau7QgdIHD7yUuxTCtI&dib_tag=se&keywords=Macbook+pro+m3&qid=1746501686&sr=8-13,B0DLHR4579,"$1,877.00",N/A,0
,https://www.amazon.com.au/Apple-2024-MacBook-15-inch-Laptop/dp/B0CX257855/ref=sr_1_14?dib=eyJ2IjoiMSJ9.oBdAc7O3znd_-gFuihYepjLhEqX0L8rHRIrahXS8-g5uocx8oT_OYBMhW-TMe_MiSNw7wcwKdlwhzcTjGU4EfKx4rjl_MEKOBmI7LPN0rQqXhV-imCoKon0as71nROYVuJPFY5OSVbFWwmWm0lm-P6pqlZs9UfQFjNSOa5Zb65PTLeGba_-XFFUTYRozzAAiimnR7fXRdwgeFeqt8S100mjHBs9mS1GiGeFJIO9jiunKmIWDyp3jKQN59HjQb-pK5WJj97-91Oy0ifILPe-zUUdEBWwaG9dFLNVxdI_CzVk.dbp9lNBAr9G1TDhsRK85oQOAYau7QgdIHD7yUuxTCtI&dib_tag=se&keywords=Macbook+pro+m3&qid=1746501686&sr=8-14,B0CX257855,"$2,094.00",4.4 out of 5 stars,
,https://www.amazon.com.au/Apple-MacBook-13-inch-10%E2%80%91core-Unified/dp/B0DLHYRR68/ref=sr_1_15?dib=eyJ2IjoiMSJ9.oBdAc7O3znd_-gFuihYepjLhEqX0L8rHRIrahXS8-g5uocx8oT_OYBMhW-TMe_MiSNw7wcwKdlwhzcTjGU4EfKx4rjl_MEKOBmI7LPN0rQqXhV-imCoKon0as71nROYVuJPFY5OSVbFWwmWm0lm-P6pqlZs9UfQFjNSOa5Zb65PTLeGba_-XFFUTYRozzAAiimnR7fXRdwgeFeqt8S100mjHBs9mS1GiGeFJIO9jiunKmIWDyp3jKQN59HjQb-pK5WJj97-91Oy0ifILPe-zUUdEBWwaG9dFLNVxdI_CzVk.dbp9lNBAr9G1TDhsRK85oQOAYau7QgdIHD7yUuxTCtI&dib_tag=se&keywords=Macbook+pro+m3&qid=1746501686&sr=8-15,B0DLHYRR68,"$1,994.00",N/A,0
,https://www.amazon.com.au/Apple-MacBook-i7-9750H-256GB-Renewed/dp/B0DBGZ4QCL/ref=sr_1_16?dib=eyJ2IjoiMSJ9.oBdAc7O3znd_-gFuihYepjLhEqX0L8rHRIrahXS8-g5uocx8oT_OYBMhW-TMe_MiSNw7wcwKdlwhzcTjGU4EfKx4rjl_MEKOBmI7LPN0rQqXhV-imCoKon0as71nROYVuJPFY5OSVbFWwmWm0lm-P6pqlZs9UfQFjNSOa5Zb65PTLeGba_-XFFUTYRozzAAiimnR7fXRdwgeFeqt8S100mjHBs9mS1GiGeFJIO9jiunKmIWDyp3jKQN59HjQb-pK5WJj97-91Oy0ifILPe-zUUdEBWwaG9dFLNVxdI_CzVk.dbp9lNBAr9G1TDhsRK85oQOAYau7QgdIHD7yUuxTCtI&dib_tag=se&keywords=Macbook+pro+m3&qid=1746501686&sr=8-16,B0DBGZ4QCL,$679.00,2.4 out of 5 stars,
,https://www.amazon.com.au/Apple-MacBook-15-inch-10%E2%80%91core-Unified/dp/B0DLHLXHDB/ref=sr_1_17?dib=eyJ2IjoiMSJ9.oBdAc7O3znd_-gFuihYepjLhEqX0L8rHRIrahXS8-g5uocx8oT_OYBMhW-TMe_MiSNw7wcwKdlwhzcTjGU4EfKx4rjl_MEKOBmI7LPN0rQqXhV-imCoKon0as71nROYVuJPFY5OSVbFWwmWm0lm-P6pqlZs9UfQFjNSOa5Zb65PTLeGba_-XFFUTYRozzAAiimnR7fXRdwgeFeqt8S100mjHBs9mS1GiGeFJIO9jiunKmIWDyp3jKQN59HjQb-pK5WJj97-91Oy0ifILPe-zUUdEBWwaG9dFLNVxdI_CzVk.dbp9lNBAr9G1TDhsRK85oQOAYau7QgdIHD7yUuxTCtI&dib_tag=se&keywords=Macbook+pro+m3&qid=1746501686&sr=8-17,B0DLHLXHDB,"$2,199.00",5.0 out of 5 stars,
,https://www.amazon.com.au/Apple-MacBook-13-inch-10%E2%80%91core-Unified/dp/B0DLHQFBJK/ref=sr_1_18?dib=eyJ2IjoiMSJ9.oBdAc7O3znd_-gFuihYepjLhEqX0L8rHRIrahXS8-g5uocx8oT_OYBMhW-TMe_MiSNw7wcwKdlwhzcTjGU4EfKx4rjl_MEKOBmI7LPN0rQqXhV-imCoKon0as71nROYVuJPFY5OSVbFWwmWm0lm-P6pqlZs9UfQFjNSOa5Zb65PTLeGba_-XFFUTYRozzAAiimnR7fXRdwgeFeqt8S100mjHBs9mS1GiGeFJIO9jiunKmIWDyp3jKQN59HjQb-pK5WJj97-91Oy0ifILPe-zUUdEBWwaG9dFLNVxdI_CzVk.dbp9lNBAr9G1TDhsRK85oQOAYau7QgdIHD7yUuxTCtI&dib_tag=se&keywords=Macbook+pro+m3&qid=1746501686&sr=8-18,B0DLHQFBJK,"$1,994.00",N/A,0
,https://www.amazon.com.au/Apple-2024-MacBook-15-inch-Laptop/dp/B0CX27FXGV/ref=sr_1_19?dib=eyJ2IjoiMSJ9.oBdAc7O3znd_-gFuihYepjLhEqX0L8rHRIrahXS8-g5uocx8oT_OYBMhW-TMe_MiSNw7wcwKdlwhzcTjGU4EfKx4rjl_MEKOBmI7LPN0rQqXhV-imCoKon0as71nROYVuJPFY5OSVbFWwmWm0lm-P6pqlZs9UfQFjNSOa5Zb65PTLeGba_-XFFUTYRozzAAiimnR7fXRdwgeFeqt8S100mjHBs9mS1GiGeFJIO9jiunKmIWDyp3jKQN59HjQb-pK5WJj97-91Oy0ifILPe-zUUdEBWwaG9dFLNVxdI_CzVk.dbp9lNBAr9G1TDhsRK85oQOAYau7QgdIHD7yUuxTCtI&dib_tag=se&keywords=Macbook+pro+m3&qid=1746501686&sr=8-19,B0CX27FXGV,"$2,197.00",4.4 out of 5 stars,
,https://www.amazon.com.au/Apple-2024-MacBook-15-inch-Laptop/dp/B0CX27MQJV/ref=sr_1_20?dib=eyJ2IjoiMSJ9.oBdAc7O3znd_-gFuihYepjLhEqX0L8rHRIrahXS8-g5uocx8oT_OYBMhW-TMe_MiSNw7wcwKdlwhzcTjGU4EfKx4rjl_MEKOBmI7LPN0rQqXhV-imCoKon0as71nROYVuJPFY5OSVbFWwmWm0lm-P6pqlZs9UfQFjNSOa5Zb65PTLeGba_-XFFUTYRozzAAiimnR7fXRdwgeFeqt8S100mjHBs9mS1GiGeFJIO9jiunKmIWDyp3jKQN59HjQb-pK5WJj97-91Oy0ifILPe-zUUdEBWwaG9dFLNVxdI_CzVk.dbp9lNBAr9G1TDhsRK85oQOAYau7QgdIHD7yUuxTCtI&dib_tag=se&keywords=Macbook+pro+m3&qid=1746501686&sr=8-20,B0CX27MQJV,N/A,4.4 out of 5 stars,
,https://www.amazon.com.au/Apple-2024-MacBook-13-inch-Laptop/dp/B0CX26P39R/ref=sr_1_21?dib=eyJ2IjoiMSJ9.oBdAc7O3znd_-gFuihYepjLhEqX0L8rHRIrahXS8-g5uocx8oT_OYBMhW-TMe_MiSNw7wcwKdlwhzcTjGU4EfKx4rjl_MEKOBmI7LPN0rQqXhV-imCoKon0as71nROYVuJPFY5OSVbFWwmWm0lm-P6pqlZs9UfQFjNSOa5Zb65PTLeGba_-XFFUTYRozzAAiimnR7fXRdwgeFeqt8S100mjHBs9mS1GiGeFJIO9jiunKmIWDyp3jKQN59HjQb-pK5WJj97-91Oy0ifILPe-zUUdEBWwaG9dFLNVxdI_CzVk.dbp9lNBAr9G1TDhsRK85oQOAYau7QgdIHD7yUuxTCtI&dib_tag=se&keywords=Macbook+pro+m3&qid=1746501686&sr=8-21,B0CX26P39R,N/A,5.0 out of 5 stars,
,https://www.amazon.com.au/Apple-MacBook-13-inch-8%E2%80%91core-Unified/dp/B0DLJ8VP3D/ref=sr_1_22?dib=eyJ2IjoiMSJ9.oBdAc7O3znd_-gFuihYepjLhEqX0L8rHRIrahXS8-g5uocx8oT_OYBMhW-TMe_MiSNw7wcwKdlwhzcTjGU4EfKx4rjl_MEKOBmI7LPN0rQqXhV-imCoKon0as71nROYVuJPFY5OSVbFWwmWm0lm-P6pqlZs9UfQFjNSOa5Zb65PTLeGba_-XFFUTYRozzAAiimnR7fXRdwgeFeqt8S100mjHBs9mS1GiGeFJIO9jiunKmIWDyp3jKQN59HjQb-pK5WJj97-91Oy0ifILPe-zUUdEBWwaG9dFLNVxdI_CzVk.dbp9lNBAr9G1TDhsRK85oQOAYau7QgdIHD7yUuxTCtI&dib_tag=se&keywords=Macbook+pro+m3&qid=1746501686&sr=8-22,B0DLJ8VP3D,"$1,799.00",N/A,0
,https://www.amazon.com.au/Apple-MacBook-14-inch-12-core-16-core/dp/B0DLJ329G7/ref=sr_1_23?dib=eyJ2IjoiMSJ9.oBdAc7O3znd_-gFuihYepjLhEqX0L8rHRIrahXS8-g5uocx8oT_OYBMhW-TMe_MiSNw7wcwKdlwhzcTjGU4EfKx4rjl_MEKOBmI7LPN0rQqXhV-imCoKon0as71nROYVuJPFY5OSVbFWwmWm0lm-P6pqlZs9UfQFjNSOa5Zb65PTLeGba_-XFFUTYRozzAAiimnR7fXRdwgeFeqt8S100mjHBs9mS1GiGeFJIO9jiunKmIWDyp3jKQN59HjQb-pK5WJj97-91Oy0ifILPe-zUUdEBWwaG9dFLNVxdI_CzVk.dbp9lNBAr9G1TDhsRK85oQOAYau7QgdIHD7yUuxTCtI&dib_tag=se&keywords=Macbook+pro+m3&qid=1746501686&sr=8-23,B0DLJ329G7,N/A,N/A,0
,https://www.amazon.com.au/Apple-MacBook-14-inch-10-core-Unified/dp/B0DLJ1FLXF/ref=sr_1_24?dib=eyJ2IjoiMSJ9.oBdAc7O3znd_-gFuihYepjLhEqX0L8rHRIrahXS8-g5uocx8oT_OYBMhW-TMe_MiSNw7wcwKdlwhzcTjGU4EfKx4rjl_MEKOBmI7LPN0rQqXhV-imCoKon0as71nROYVuJPFY5OSVbFWwmWm0lm-P6pqlZs9UfQFjNSOa5Zb65PTLeGba_-XFFUTYRozzAAiimnR7fXRdwgeFeqt8S100mjHBs9mS1GiGeFJIO9jiunKmIWDyp3jKQN59HjQb-pK5WJj97-91Oy0ifILPe-zUUdEBWwaG9dFLNVxdI_CzVk.dbp9lNBAr9G1TDhsRK85oQOAYau7QgdIHD7yUuxTCtI&dib_tag=se&keywords=Macbook+pro+m3&qid=1746501686&sr=8-24,B0DLJ1FLXF,N/A,N/A,0
,https://www.amazon.com.au/Apple-MacBook-16-inch-14%E2%80%91core-20%E2%80%91core/dp/B0DLHYS5G3/ref=sr_1_25?dib=eyJ2IjoiMSJ9.oBdAc7O3znd_-gFuihYepjLhEqX0L8rHRIrahXS8-g5uocx8oT_OYBMhW-TMe_MiSNw7wcwKdlwhzcTjGU4EfKx4rjl_MEKOBmI7LPN0rQqXhV-imCoKon0as71nROYVuJPFY5OSVbFWwmWm0lm-P6pqlZs9UfQFjNSOa5Zb65PTLeGba_-XFFUTYRozzAAiimnR7fXRdwgeFeqt8S100mjHBs9mS1GiGeFJIO9jiunKmIWDyp3jKQN59HjQb-pK5WJj97-91Oy0ifILPe-zUUdEBWwaG9dFLNVxdI_CzVk.dbp9lNBAr9G1TDhsRK85oQOAYau7QgdIHD7yUuxTCtI&dib_tag=se&keywords=Macbook+pro+m3&qid=1746501686&sr=8-25,B0DLHYS5G3,"$3,887.00",N/A,0
,https://www.amazon.com.au/Apple-MacBook-13-inch-8%E2%80%91core-Unified/dp/B0DLJ8TJXN/ref=sr_1_26?dib=eyJ2IjoiMSJ9.oBdAc7O3znd_-gFuihYepjLhEqX0L8rHRIrahXS8-g5uocx8oT_OYBMhW-TMe_MiSNw7wcwKdlwhzcTjGU4EfKx4rjl_MEKOBmI7LPN0rQqXhV-imCoKon0as71nROYVuJPFY5OSVbFWwmWm0lm-P6pqlZs9UfQFjNSOa5Zb65PTLeGba_-XFFUTYRozzAAiimnR7fXRdwgeFeqt8S100mjHBs9mS1GiGeFJIO9jiunKmIWDyp3jKQN59HjQb-pK5WJj97-91Oy0ifILPe-zUUdEBWwaG9dFLNVxdI_CzVk.dbp9lNBAr9G1TDhsRK85oQOAYau7QgdIHD7yUuxTCtI&dib_tag=se&keywords=Macbook+pro+m3&qid=1746501686&sr=8-26,B0DLJ8TJXN,"$1,799.00",N/A,0
,https://www.amazon.com.au/Apple-MacBook-Retina-i7-8750H-Renewed/dp/B0DZNN84NY/ref=sr_1_27?dib=eyJ2IjoiMSJ9.oBdAc7O3znd_-gFuihYepjLhEqX0L8rHRIrahXS8-g5uocx8oT_OYBMhW-TMe_MiSNw7wcwKdlwhzcTjGU4EfKx4rjl_MEKOBmI7LPN0rQqXhV-imCoKon0as71nROYVuJPFY5OSVbFWwmWm0lm-P6pqlZs9UfQFjNSOa5Zb65PTLeGba_-XFFUTYRozzAAiimnR7fXRdwgeFeqt8S100mjHBs9mS1GiGeFJIO9jiunKmIWDyp3jKQN59HjQb-pK5WJj97-91Oy0ifILPe-zUUdEBWwaG9dFLNVxdI_CzVk.dbp9lNBAr9G1TDhsRK85oQOAYau7QgdIHD7yUuxTCtI&dib_tag=se&keywords=Macbook+pro+m3&qid=1746501686&sr=8-27,B0DZNN84NY,$619.00,5.0 out of 5 stars,
,https://www.amazon.com.au/Apple-MacBook-15-inch-10%E2%80%91core-Unified/dp/B0DLHP6RCH/ref=sr_1_28?dib=eyJ2IjoiMSJ9.oBdAc7O3znd_-gFuihYepjLhEqX0L8rHRIrahXS8-g5uocx8oT_OYBMhW-TMe_MiSNw7wcwKdlwhzcTjGU4EfKx4rjl_MEKOBmI7LPN0rQqXhV-imCoKon0as71nROYVuJPFY5OSVbFWwmWm0lm-P6pqlZs9UfQFjNSOa5Zb65PTLeGba_-XFFUTYRozzAAiimnR7fXRdwgeFeqt8S100mjHBs9mS1GiGeFJIO9jiunKmIWDyp3jKQN59HjQb-pK5WJj97-91Oy0ifILPe-zUUdEBWwaG9dFLNVxdI_CzVk.dbp9lNBAr9G1TDhsRK85oQOAYau7QgdIHD7yUuxTCtI&dib_tag=se&keywords=Macbook+pro+m3&qid=1746501686&sr=8-28,B0DLHP6RCH,"$2,428.77",N/A,0
,https://www.amazon.com.au/MacBook-1-4GHz-Intel-13-inch-Renewed/dp/B0DYGBL9Y3/ref=sr_1_29?dib=eyJ2IjoiMSJ9.oBdAc7O3znd_-gFuihYepjLhEqX0L8rHRIrahXS8-g5uocx8oT_OYBMhW-TMe_MiSNw7wcwKdlwhzcTjGU4EfKx4rjl_MEKOBmI7LPN0rQqXhV-imCoKon0as71nROYVuJPFY5OSVbFWwmWm0lm-P6pqlZs9UfQFjNSOa5Zb65PTLeGba_-XFFUTYRozzAAiimnR7fXRdwgeFeqt8S100mjHBs9mS1GiGeFJIO9jiunKmIWDyp3jKQN59HjQb-pK5WJj97-91Oy0ifILPe-zUUdEBWwaG9dFLNVxdI_CzVk.dbp9lNBAr9G1TDhsRK85oQOAYau7QgdIHD7yUuxTCtI&dib_tag=se&keywords=Macbook+pro+m3&qid=1746501686&sr=8-29,B0DYGBL9Y3,N/A,N/A,0
,https://www.amazon.com.au/Apple-MacBook-14-inch-10-core-Unified/dp/B0DLHYBT99/ref=sr_1_30?dib=eyJ2IjoiMSJ9.oBdAc7O3znd_-gFuihYepjLhEqX0L8rHRIrahXS8-g5uocx8oT_OYBMhW-TMe_MiSNw7wcwKdlwhzcTjGU4EfKx4rjl_MEKOBmI7LPN0rQqXhV-imCoKon0as71nROYVuJPFY5OSVbFWwmWm0lm-P6pqlZs9UfQFjNSOa5Zb65PTLeGba_-XFFUTYRozzAAiimnR7fXRdwgeFeqt8S100mjHBs9mS1GiGeFJIO9jiunKmIWDyp3jKQN59HjQb-pK5WJj97-91Oy0ifILPe-zUUdEBWwaG9dFLNVxdI_CzVk.dbp9lNBAr9G1TDhsRK85oQOAYau7QgdIHD7yUuxTCtI&dib_tag=se&keywords=Macbook+pro+m3&qid=1746501686&sr=8-30,B0DLHYBT99,N/A,N/A,0
,https://www.amazon.com.au/Apple-MacBook-13-inch-8%E2%80%91core-Unified/dp/B0DLJCVCXV/ref=sr_1_31?dib=eyJ2IjoiMSJ9.oBdAc7O3znd_-gFuihYepjLhEqX0L8rHRIrahXS8-g5uocx8oT_OYBMhW-TMe_MiSNw7wcwKdlwhzcTjGU4EfKx4rjl_MEKOBmI7LPN0rQqXhV-imCoKon0as71nROYVuJPFY5OSVbFWwmWm0lm-P6pqlZs9UfQFjNSOa5Zb65PTLeGba_-XFFUTYRozzAAiimnR7fXRdwgeFeqt8S100mjHBs9mS1GiGeFJIO9jiunKmIWDyp3jKQN59HjQb-pK5WJj97-91Oy0ifILPe-zUUdEBWwaG9dFLNVxdI_CzVk.dbp9lNBAr9G1TDhsRK85oQOAYau7QgdIHD7yUuxTCtI&dib_tag=se&keywords=Macbook+pro+m3&qid=1746501686&sr=8-31,B0DLJCVCXV,"$1,723.79",N/A,0
,https://www.amazon.com.au/Apple-MacBook-13-inch-10%E2%80%91core-Unified/dp/B0DLHM63GP/ref=sr_1_32?dib=eyJ2IjoiMSJ9.oBdAc7O3znd_-gFuihYepjLhEqX0L8rHRIrahXS8-g5uocx8oT_OYBMhW-TMe_MiSNw7wcwKdlwhzcTjGU4EfKx4rjl_MEKOBmI7LPN0rQqXhV-imCoKon0as71nROYVuJPFY5OSVbFWwmWm0lm-P6pqlZs9UfQFjNSOa5Zb65PTLeGba_-XFFUTYRozzAAiimnR7fXRdwgeFeqt8S100mjHBs9mS1GiGeFJIO9jiunKmIWDyp3jKQN59HjQb-pK5WJj97-91Oy0ifILPe-zUUdEBWwaG9dFLNVxdI_CzVk.dbp9lNBAr9G1TDhsRK85oQOAYau7QgdIHD7yUuxTCtI&dib_tag=se&keywords=Macbook+pro+m3&qid=1746501686&sr=8-32,B0DLHM63GP,"$1,885.39",N/A,
,https://www.amazon.com.au/Apple-MacBook-10-core-16-core-16-inch/dp/B0DYFCN255/ref=sr_1_33?dib=eyJ2IjoiMSJ9.oBdAc7O3znd_-gFuihYepjLhEqX0L8rHRIrahXS8-g5uocx8oT_OYBMhW-TMe_MiSNw7wcwKdlwhzcTjGU4EfKx4rjl_MEKOBmI7LPN0rQqXhV-imCoKon0as71nROYVuJPFY5OSVbFWwmWm0lm-P6pqlZs9UfQFjNSOa5Zb65PTLeGba_-XFFUTYRozzAAiimnR7fXRdwgeFeqt8S100mjHBs9mS1GiGeFJIO9jiunKmIWDyp3jKQN59HjQb-pK5WJj97-91Oy0ifILPe-zUUdEBWwaG9dFLNVxdI_CzVk.dbp9lNBAr9G1TDhsRK85oQOAYau7QgdIHD7yUuxTCtI&dib_tag=se&keywords=Macbook+pro+m3&qid=1746501686&sr=8-33,B0DYFCN255,"$2,199.00",N/A,0
,https://www.amazon.com.au/Apple-MacBook-15-inch-10%E2%80%91core-Unified/dp/B0DLHP88PW/ref=sr_1_34?dib=eyJ2IjoiMSJ9.oBdAc7O3znd_-gFuihYepjLhEqX0L8rHRIrahXS8-g5uocx8oT_OYBMhW-TMe_MiSNw7wcwKdlwhzcTjGU4EfKx4rjl_MEKOBmI7LPN0rQqXhV-imCoKon0as71nROYVuJPFY5OSVbFWwmWm0lm-P6pqlZs9UfQFjNSOa5Zb65PTLeGba_-XFFUTYRozzAAiimnR7fXRdwgeFeqt8S100mjHBs9mS1GiGeFJIO9jiunKmIWDyp3jKQN59HjQb-pK5WJj97-91Oy0ifILPe-zUUdEBWwaG9dFLNVxdI_CzVk.dbp9lNBAr9G1TDhsRK85oQOAYau7QgdIHD7yUuxTCtI&dib_tag=se&keywords=Macbook+pro+m3&qid=1746501686&sr=8-34,B0DLHP88PW,"$2,394.00",N/A,0
,https://www.amazon.com.au/Apple-2024-MacBook-15-inch-Laptop/dp/B0CX263WRD/ref=sr_1_35?dib=eyJ2IjoiMSJ9.oBdAc7O3znd_-gFuihYepjLhEqX0L8rHRIrahXS8-g5uocx8oT_OYBMhW-TMe_MiSNw7wcwKdlwhzcTjGU4EfKx4rjl_MEKOBmI7LPN0rQqXhV-imCoKon0as71nROYVuJPFY5OSVbFWwmWm0lm-P6pqlZs9UfQFjNSOa5Zb65PTLeGba_-XFFUTYRozzAAiimnR7fXRdwgeFeqt8S100mjHBs9mS1GiGeFJIO9jiunKmIWDyp3jKQN59HjQb-pK5WJj97-91Oy0ifILPe-zUUdEBWwaG9dFLNVxdI_CzVk.dbp9lNBAr9G1TDhsRK85oQOAYau7QgdIHD7yUuxTCtI&dib_tag=se&keywords=Macbook+pro+m3&qid=1746501686&sr=8-35,B0CX263WRD,N/A,4.4 out of 5 stars,
,https://www.amazon.com.au/Apple-MacBook-15-inch-10%E2%80%91core-Unified/dp/B0DLJG2PYH/ref=sr_1_36?dib=eyJ2IjoiMSJ9.oBdAc7O3znd_-gFuihYepjLhEqX0L8rHRIrahXS8-g5uocx8oT_OYBMhW-TMe_MiSNw7wcwKdlwhzcTjGU4EfKx4rjl_MEKOBmI7LPN0rQqXhV-imCoKon0as71nROYVuJPFY5OSVbFWwmWm0lm-P6pqlZs9UfQFjNSOa5Zb65PTLeGba_-XFFUTYRozzAAiimnR7fXRdwgeFeqt8S100mjHBs9mS1GiGeFJIO9jiunKmIWDyp3jKQN59HjQb-pK5WJj97-91Oy0ifILPe-zUUdEBWwaG9dFLNVxdI_CzVk.dbp9lNBAr9G1TDhsRK85oQOAYau7QgdIHD7yUuxTCtI&dib_tag=se&keywords=Macbook+pro+m3&qid=1746501686&sr=8-36,B0DLJG2PYH,"$2,394.00",N/A,0
,https://www.amazon.com.au/Apple-2024-MacBook-Laptop-Chip/dp/B0CX221GLM/ref=sr_1_37?dib=eyJ2IjoiMSJ9.oBdAc7O3znd_-gFuihYepjLhEqX0L8rHRIrahXS8-g5uocx8oT_OYBMhW-TMe_MiSNw7wcwKdlwhzcTjGU4EfKx4rjl_MEKOBmI7LPN0rQqXhV-imCoKon0as71nROYVuJPFY5OSVbFWwmWm0lm-P6pqlZs9UfQFjNSOa5Zb65PTLeGba_-XFFUTYRozzAAiimnR7fXRdwgeFeqt8S100mjHBs9mS1GiGeFJIO9jiunKmIWDyp3jKQN59HjQb-pK5WJj97-91Oy0ifILPe-zUUdEBWwaG9dFLNVxdI_CzVk.dbp9lNBAr9G1TDhsRK85oQOAYau7QgdIHD7yUuxTCtI&dib_tag=se&keywords=Macbook+pro+m3&qid=1746501686&sr=8-37,B0CX221GLM,"$3,202.52",4.4 out of 5 stars,
,https://www.amazon.com.au/Apple-MacBook-14-inch-12-core-16-core/dp/B0DLHP31FM/ref=sr_1_38?dib=eyJ2IjoiMSJ9.oBdAc7O3znd_-gFuihYepjLhEqX0L8rHRIrahXS8-g5uocx8oT_OYBMhW-TMe_MiSNw7wcwKdlwhzcTjGU4EfKx4rjl_MEKOBmI7LPN0rQqXhV-imCoKon0as71nROYVuJPFY5OSVbFWwmWm0lm-P6pqlZs9UfQFjNSOa5Zb65PTLeGba_-XFFUTYRozzAAiimnR7fXRdwgeFeqt8S100mjHBs9mS1GiGeFJIO9jiunKmIWDyp3jKQN59HjQb-pK5WJj97-91Oy0ifILPe-zUUdEBWwaG9dFLNVxdI_CzVk.dbp9lNBAr9G1TDhsRK85oQOAYau7QgdIHD7yUuxTCtI&dib_tag=se&keywords=Macbook+pro+m3&qid=1746501686&sr=8-38,B0DLHP31FM,N/A,N/A,0
,https://www.amazon.com.au/Apple-MacBook-2-4GHz-16-inch-Renewed/dp/B0DYFJNFPC/ref=sr_1_39?dib=eyJ2IjoiMSJ9.oBdAc7O3znd_-gFuihYepjLhEqX0L8rHRIrahXS8-g5uocx8oT_OYBMhW-TMe_MiSNw7wcwKdlwhzcTjGU4EfKx4rjl_MEKOBmI7LPN0rQqXhV-imCoKon0as71nROYVuJPFY5OSVbFWwmWm0lm-P6pqlZs9UfQFjNSOa5Zb65PTLeGba_-XFFUTYRozzAAiimnR7fXRdwgeFeqt8S100mjHBs9mS1GiGeFJIO9jiunKmIWDyp3jKQN59HjQb-pK5WJj97-91Oy0ifILPe-zUUdEBWwaG9dFLNVxdI_CzVk.dbp9lNBAr9G1TDhsRK85oQOAYau7QgdIHD7yUuxTCtI&dib_tag=se&keywords=Macbook+pro+m3&qid=1746501686&sr=8-39,B0DYFJNFPC,N/A,N/A,0
,https://www.amazon.com.au/Apple-MacBook-12-core-19-core-16-inch/dp/B0DYFC3Q16/ref=sr_1_40?dib=eyJ2IjoiMSJ9.oBdAc7O3znd_-gFuihYepjLhEqX0L8rHRIrahXS8-g5uocx8oT_OYBMhW-TMe_MiSNw7wcwKdlwhzcTjGU4EfKx4rjl_MEKOBmI7LPN0rQqXhV-imCoKon0as71nROYVuJPFY5OSVbFWwmWm0lm-P6pqlZs9UfQFjNSOa5Zb65PTLeGba_-XFFUTYRozzAAiimnR7fXRdwgeFeqt8S100mjHBs9mS1GiGeFJIO9jiunKmIWDyp3jKQN59HjQb-pK5WJj97-91Oy0ifILPe-zUUdEBWwaG9dFLNVxdI_CzVk.dbp9lNBAr9G1TDhsRK85oQOAYau7QgdIHD7yUuxTCtI&dib_tag=se&keywords=Macbook+pro+m3&qid=1746501686&sr=8-40,B0DYFC3Q16,"$2,799.00",N/A,0
,https://www.amazon.com.au/Apple-MacBook-A1989-i7-8559U-Renewed/dp/B0DSVBTW8L/ref=sr_1_41?dib=eyJ2IjoiMSJ9.oBdAc7O3znd_-gFuihYepjLhEqX0L8rHRIrahXS8-g5uocx8oT_OYBMhW-TMe_MiSNw7wcwKdlwhzcTjGU4EfKx4rjl_MEKOBmI7LPN0rQqXhV-imCoKon0as71nROYVuJPFY5OSVbFWwmWm0lm-P6pqlZs9UfQFjNSOa5Zb65PTLeGba_-XFFUTYRozzAAiimnR7fXRdwgeFeqt8S100mjHBs9mS1GiGeFJIO9jiunKmIWDyp3jKQN59HjQb-pK5WJj97-91Oy0ifILPe-zUUdEBWwaG9dFLNVxdI_CzVk.dbp9lNBAr9G1TDhsRK85oQOAYau7QgdIHD7yUuxTCtI&dib_tag=se&keywords=Macbook+pro+m3&qid=1746501686&sr=8-41,B0DSVBTW8L,$699.00,N/A,0
,https://www.amazon.com.au/Apple-MacBook-15-inch-10%E2%80%91core-Unified/dp/B0DLHQKN3S/ref=sr_1_42?dib=eyJ2IjoiMSJ9.oBdAc7O3znd_-gFuihYepjLhEqX0L8rHRIrahXS8-g5uocx8oT_OYBMhW-TMe_MiSNw7wcwKdlwhzcTjGU4EfKx4rjl_MEKOBmI7LPN0rQqXhV-imCoKon0as71nROYVuJPFY5OSVbFWwmWm0lm-P6pqlZs9UfQFjNSOa5Zb65PTLeGba_-XFFUTYRozzAAiimnR7fXRdwgeFeqt8S100mjHBs9mS1GiGeFJIO9jiunKmIWDyp3jKQN59HjQb-pK5WJj97-91Oy0ifILPe-zUUdEBWwaG9dFLNVxdI_CzVk.dbp9lNBAr9G1TDhsRK85oQOAYau7QgdIHD7yUuxTCtI&dib_tag=se&keywords=Macbook+pro+m3&qid=1746501686&sr=8-42,B0DLHQKN3S,"$2,199.00",N/A,0
,https://www.amazon.com.au/Apple-MacBook-14-inch-14%E2%80%91core-20%E2%80%91core/dp/B0DLJL1BD8/ref=sr_1_43?dib=eyJ2IjoiMSJ9.oBdAc7O3znd_-gFuihYepjLhEqX0L8rHRIrahXS8-g5uocx8oT_OYBMhW-TMe_MiSNw7wcwKdlwhzcTjGU4EfKx4rjl_MEKOBmI7LPN0rQqXhV-imCoKon0as71nROYVuJPFY5OSVbFWwmWm0lm-P6pqlZs9UfQFjNSOa5Zb65PTLeGba_-XFFUTYRozzAAiimnR7fXRdwgeFeqt8S100mjHBs9mS1GiGeFJIO9jiunKmIWDyp3jKQN59HjQb-pK5WJj97-91Oy0ifILPe-zUUdEBWwaG9dFLNVxdI_CzVk.dbp9lNBAr9G1TDhsRK85oQOAYau7QgdIHD7yUuxTCtI&dib_tag=se&keywords=Macbook+pro+m3&qid=1746501686&sr=8-43,B0DLJL1BD8,"$3,967.00",N/A,0
,https://www.amazon.com.au/Apple-MacBook-16-inch-14%E2%80%91core-20%E2%80%91core/dp/B0DLHRFM56/ref=sr_1_44?dib=eyJ2IjoiMSJ9.oBdAc7O3znd_-gFuihYepjLhEqX0L8rHRIrahXS8-g5uocx8oT_OYBMhW-TMe_MiSNw7wcwKdlwhzcTjGU4EfKx4rjl_MEKOBmI7LPN0rQqXhV-imCoKon0as71nROYVuJPFY5OSVbFWwmWm0lm-P6pqlZs9UfQFjNSOa5Zb65PTLeGba_-XFFUTYRozzAAiimnR7fXRdwgeFeqt8S100mjHBs9mS1GiGeFJIO9jiunKmIWDyp3jKQN59HjQb-pK5WJj97-91Oy0ifILPe-zUUdEBWwaG9dFLNVxdI_CzVk.dbp9lNBAr9G1TDhsRK85oQOAYau7QgdIHD7yUuxTCtI&dib_tag=se&keywords=Macbook+pro+m3&qid=1746501686&sr=8-44,B0DLHRFM56,"$4,599.00",N/A,0
,https://www.amazon.com.au/Apple-MacBook-16-inch-14%E2%80%91core-32%E2%80%91core/dp/B0DLHNT5QY/ref=sr_1_45?dib=eyJ2IjoiMSJ9.oBdAc7O3znd_-gFuihYepjLhEqX0L8rHRIrahXS8-g5uocx8oT_OYBMhW-TMe_MiSNw7wcwKdlwhzcTjGU4EfKx4rjl_MEKOBmI7LPN0rQqXhV-imCoKon0as71nROYVuJPFY5OSVbFWwmWm0lm-P6pqlZs9UfQFjNSOa5Zb65PTLeGba_-XFFUTYRozzAAiimnR7fXRdwgeFeqt8S100mjHBs9mS1GiGeFJIO9jiunKmIWDyp3jKQN59HjQb-pK5WJj97-91Oy0ifILPe-zUUdEBWwaG9dFLNVxdI_CzVk.dbp9lNBAr9G1TDhsRK85oQOAYau7QgdIHD7yUuxTCtI&dib_tag=se&keywords=Macbook+pro+m3&qid=1746501686&sr=8-45,B0DLHNT5QY,"$5,587.00",N/A,0
,https://www.amazon.com.au/Apple-MacBook-14-inch-10%E2%80%91core-16%E2%80%91core/dp/B09JQQWR35/ref=sr_1_46?dib=eyJ2IjoiMSJ9.oBdAc7O3znd_-gFuihYepjLhEqX0L8rHRIrahXS8-g5uocx8oT_OYBMhW-TMe_MiSNw7wcwKdlwhzcTjGU4EfKx4rjl_MEKOBmI7LPN0rQqXhV-imCoKon0as71nROYVuJPFY5OSVbFWwmWm0lm-P6pqlZs9UfQFjNSOa5Zb65PTLeGba_-XFFUTYRozzAAiimnR7fXRdwgeFeqt8S100mjHBs9mS1GiGeFJIO9jiunKmIWDyp3jKQN59HjQb-pK5WJj97-91Oy0ifILPe-zUUdEBWwaG9dFLNVxdI_CzVk.dbp9lNBAr9G1TDhsRK85oQOAYau7QgdIHD7yUuxTCtI&dib_tag=se&keywords=Macbook+pro+m3&qid=1746501686&sr=8-46,B09JQQWR35,"$3,595.00",4.6 out of 5 stars,
,https://www.amazon.com.au/Apple-MacBook-15-inch-10%E2%80%91core-Unified/dp/B0DLHQMJH5/ref=sr_1_47?dib=eyJ2IjoiMSJ9.oBdAc7O3znd_-gFuihYepjLhEqX0L8rHRIrahXS8-g5uocx8oT_OYBMhW-TMe_MiSNw7wcwKdlwhzcTjGU4EfKx4rjl_MEKOBmI7LPN0rQqXhV-imCoKon0as71nROYVuJPFY5OSVbFWwmWm0lm-P6pqlZs9UfQFjNSOa5Zb65PTLeGba_-XFFUTYRozzAAiimnR7fXRdwgeFeqt8S100mjHBs9mS1GiGeFJIO9jiunKmIWDyp3jKQN59HjQb-pK5WJj97-91Oy0ifILPe-zUUdEBWwaG9dFLNVxdI_CzVk.dbp9lNBAr9G1TDhsRK85oQOAYau7QgdIHD7yUuxTCtI&dib_tag=se&keywords=Macbook+pro+m3&qid=1746501686&sr=8-47,B0DLHQMJH5,"$2,199.00",N/A,0
,https://www.amazon.com.au/Apple-MacBook-10-core-24-core-14-inch/dp/B0DYF9L7YW/ref=sr_1_48?dib=eyJ2IjoiMSJ9.oBdAc7O3znd_-gFuihYepjLhEqX0L8rHRIrahXS8-g5uocx8oT_OYBMhW-TMe_MiSNw7wcwKdlwhzcTjGU4EfKx4rjl_MEKOBmI7LPN0rQqXhV-imCoKon0as71nROYVuJPFY5OSVbFWwmWm0lm-P6pqlZs9UfQFjNSOa5Zb65PTLeGba_-XFFUTYRozzAAiimnR7fXRdwgeFeqt8S100mjHBs9mS1GiGeFJIO9jiunKmIWDyp3jKQN59HjQb-pK5WJj97-91Oy0ifILPe-zUUdEBWwaG9dFLNVxdI_CzVk.dbp9lNBAr9G1TDhsRK85oQOAYau7QgdIHD7yUuxTCtI&dib_tag=se&keywords=Macbook+pro+m3&qid=1746501686&sr=8-48,B0DYF9L7YW,"$2,779.00",N/A,0
"Apple 2023 MacBook Pro (14-inch, Apple M3 Pro chip with 11‑core CPU and 14‑core GPU, 18GB Unified Memory, 512GB) - Silver",https://www.amazon.com.au/Apple-MacBook-14-inch-11%E2%80%91core-14%E2%80%91core/dp/B0CM5JP83X/ref=sr_1_1?dib=eyJ2IjoiMSJ9.oBdAc7O3znd_-gFuihYepjLhEqX0L8rHRIrahXS8-g5uocx8oT_OYBMhW-TMe_MiSNw7wcwKdlwhzcTjGU4EfKx4rjl_MEKOBmI7LPN0rQqXhV-imCoKon0as71nROYVuJPFY5OSVbFWwmWm0lm-P6pqlZs9UfQFjNSOa5Zb65PTLeGba_-XFFUTYRozzAAiimnR7fXRdwgeFeqt8S100mjHBs9mS1GiGeFJIO9jiunKmIWDyp3jKQN59HjQb-pK5WJj97-91Oy0ifILPe-zUUdEBWwaG9dFLNVxdI_CzVk.dbp9lNBAr9G1TDhsRK85oQOAYau7QgdIHD7yUuxTCtI&dib_tag=se&keywords=Macbook+pro+m3&qid=1746501692&sr=8-1,B0CM5JP83X,"$2,935.79",5.0 out of 5 stars,5
"Apple 2023 MacBook Pro (14-inch, Apple M3 Max chip with 14‑core CPU and 30‑core GPU, 36GB Unified Memory, 1TB) - Silver",https://www.amazon.com.au/Apple-MacBook-14-inch-14%E2%80%91core-30%E2%80%91core/dp/B0CM5K8C2L/ref=sr_1_2?dib=eyJ2IjoiMSJ9.oBdAc7O3znd_-gFuihYepjLhEqX0L8rHRIrahXS8-g5uocx8oT_OYBMhW-TMe_MiSNw7wcwKdlwhzcTjGU4EfKx4rjl_MEKOBmI7LPN0rQqXhV-imCoKon0as71nROYVuJPFY5OSVbFWwmWm0lm-P6pqlZs9UfQFjNSOa5Zb65PTLeGba_-XFFUTYRozzAAiimnR7fXRdwgeFeqt8S100mjHBs9mS1GiGeFJIO9jiunKmIWDyp3jKQN59HjQb-pK5WJj97-91Oy0ifILPe-zUUdEBWwaG9dFLNVxdI_CzVk.dbp9lNBAr9G1TDhsRK85oQOAYau7QgdIHD7yUuxTCtI&dib_tag=se&keywords=Macbook+pro+m3&qid=1746501692&sr=8-2,B0CM5K8C2L,"$5,599.00",5.0 out of 5 stars,5
"Apple 2023 MacBook Pro (16-inch, Apple M3 Pro chip with 12‑core CPU and 18‑core GPU, 18GB Unified Memory, 512GB) - Space Black",https://www.amazon.com.au/Apple-MacBook-16-inch-12%E2%80%91core-18%E2%80%91core/dp/B0CM5BJD7Z/ref=sr_1_3?dib=eyJ2IjoiMSJ9.oBdAc7O3znd_-gFuihYepjLhEqX0L8rHRIrahXS8-g5uocx8oT_OYBMhW-TMe_MiSNw7wcwKdlwhzcTjGU4EfKx4rjl_MEKOBmI7LPN0rQqXhV-imCoKon0as71nROYVuJPFY5OSVbFWwmWm0lm-P6pqlZs9UfQFjNSOa5Zb65PTLeGba_-XFFUTYRozzAAiimnR7fXRdwgeFeqt8S100mjHBs9mS1GiGeFJIO9jiunKmIWDyp3jKQN59HjQb-pK5WJj97-91Oy0ifILPe-zUUdEBWwaG9dFLNVxdI_CzVk.dbp9lNBAr9G1TDhsRK85oQOAYau7QgdIHD7yUuxTCtI&dib_tag=se&keywords=Macbook+pro+m3&qid=1746501692&sr=8-3,B0CM5BJD7Z,"$3,792.27",4.8 out of 5 stars,7
,https://www.amazon.com.au/Apple-2024-MacBook-13-inch-Laptop/dp/B0CX25L4XB/ref=sr_1_4?dib=eyJ2IjoiMSJ9.oBdAc7O3znd_-gFuihYepjLhEqX0L8rHRIrahXS8-g5uocx8oT_OYBMhW-TMe_MiSNw7wcwKdlwhzcTjGU4EfKx4rjl_MEKOBmI7LPN0rQqXhV-imCoKon0as71nROYVuJPFY5OSVbFWwmWm0lm-P6pqlZs9UfQFjNSOa5Zb65PTLeGba_-XFFUTYRozzAAiimnR7fXRdwgeFeqt8S100mjHBs9mS1GiGeFJIO9jiunKmIWDyp3jKQN59HjQb-pK5WJj97-91Oy0ifILPe-zUUdEBWwaG9dFLNVxdI_CzVk.dbp9lNBAr9G1TDhsRK85oQOAYau7QgdIHD7yUuxTCtI&dib_tag=se&keywords=Macbook+pro+m3&qid=1746501692&sr=8-4,B0CX25L4XB,"$1,744.00",5.0 out of 5 stars,
,https://www.amazon.com.au/Apple-MacBook-16-inch-12%E2%80%91core-18%E2%80%91core/dp/B0CM5J2KSX/ref=sr_1_5?dib=eyJ2IjoiMSJ9.oBdAc7O3znd_-gFuihYepjLhEqX0L8rHRIrahXS8-g5uocx8oT_OYBMhW-TMe_MiSNw7wcwKdlwhzcTjGU4EfKx4rjl_MEKOBmI7LPN0rQqXhV-imCoKon0as71nROYVuJPFY5OSVbFWwmWm0lm-P6pqlZs9UfQFjNSOa5Zb65PTLeGba_-XFFUTYRozzAAiimnR7fXRdwgeFeqt8S100mjHBs9mS1GiGeFJIO9jiunKmIWDyp3jKQN59HjQb-pK5WJj97-91Oy0ifILPe-zUUdEBWwaG9dFLNVxdI_CzVk.dbp9lNBAr9G1TDhsRK85oQOAYau7QgdIHD7yUuxTCtI&dib_tag=se&keywords=Macbook+pro+m3&qid=1746501692&sr=8-5,B0CM5J2KSX,"$4,299.00",4.8 out of 5 stars,
,https://www.amazon.com.au/Apple-2024-MacBook-13-inch-Laptop/dp/B0CX26Z41N/ref=sr_1_6?dib=eyJ2IjoiMSJ9.oBdAc7O3znd_-gFuihYepjLhEqX0L8rHRIrahXS8-g5uocx8oT_OYBMhW-TMe_MiSNw7wcwKdlwhzcTjGU4EfKx4rjl_MEKOBmI7LPN0rQqXhV-imCoKon0as71nROYVuJPFY5OSVbFWwmWm0lm-P6pqlZs9UfQFjNSOa5Zb65PTLeGba_-XFFUTYRozzAAiimnR7fXRdwgeFeqt8S100mjHBs9mS1GiGeFJIO9jiunKmIWDyp3jKQN59HjQb-pK5WJj97-91Oy0ifILPe-zUUdEBWwaG9dFLNVxdI_CzVk.dbp9lNBAr9G1TDhsRK85oQOAYau7QgdIHD7yUuxTCtI&dib_tag=se&keywords=Macbook+pro+m3&qid=1746501692&sr=8-6,B0CX26Z41N,"$1,744.00",5.0 out of 5 stars,
,https://www.amazon.com.au/Apple-MacBook-14-inch-10%E2%80%91core-Unified/dp/B0CM5BHK1T/ref=sr_1_7?dib=eyJ2IjoiMSJ9.oBdAc7O3znd_-gFuihYepjLhEqX0L8rHRIrahXS8-g5uocx8oT_OYBMhW-TMe_MiSNw7wcwKdlwhzcTjGU4EfKx4rjl_MEKOBmI7LPN0rQqXhV-imCoKon0as71nROYVuJPFY5OSVbFWwmWm0lm-P6pqlZs9UfQFjNSOa5Zb65PTLeGba_-XFFUTYRozzAAiimnR7fXRdwgeFeqt8S100mjHBs9mS1GiGeFJIO9jiunKmIWDyp3jKQN59HjQb-pK5WJj97-91Oy0ifILPe-zUUdEBWwaG9dFLNVxdI_CzVk.dbp9lNBAr9G1TDhsRK85oQOAYau7QgdIHD7yUuxTCtI&dib_tag=se&keywords=Macbook+pro+m3&qid=1746501692&sr=8-7,B0CM5BHK1T,N/A,4.8 out of 5 stars,
,https://www.amazon.com.au/Apple-2024-MacBook-13-inch-Laptop/dp/B0CX25ZV7S/ref=sr_1_8?dib=eyJ2IjoiMSJ9.oBdAc7O3znd_-gFuihYepjLhEqX0L8rHRIrahXS8-g5uocx8oT_OYBMhW-TMe_MiSNw7wcwKdlwhzcTjGU4EfKx4rjl_MEKOBmI7LPN0rQqXhV-imCoKon0as71nROYVuJPFY5OSVbFWwmWm0lm-P6pqlZs9UfQFjNSOa5Zb65PTLeGba_-XFFUTYRozzAAiimnR7fXRdwgeFeqt8S100mjHBs9mS1GiGeFJIO9jiunKmIWDyp3jKQN59HjQb-pK5WJj97-91Oy0ifILPe-zUUdEBWwaG9dFLNVxdI_CzVk.dbp9lNBAr9G1TDhsRK85oQOAYau7QgdIHD7yUuxTCtI&dib_tag=se&keywords=Macbook+pro+m3&qid=1746501692&sr=8-8,B0CX25ZV7S,"$1,744.00",5.0 out of 5 stars,
,https://www.amazon.com.au/Apple-MacBook-16-inch-12%E2%80%91core-18%E2%80%91core/dp/B0CM5JTN4K/ref=sr_1_9?dib=eyJ2IjoiMSJ9.oBdAc7O3znd_-gFuihYepjLhEqX0L8rHRIrahXS8-g5uocx8oT_OYBMhW-TMe_MiSNw7wcwKdlwhzcTjGU4EfKx4rjl_MEKOBmI7LPN0rQqXhV-imCoKon0as71nROYVuJPFY5OSVbFWwmWm0lm-P6pqlZs9UfQFjNSOa5Zb65PTLeGba_-XFFUTYRozzAAiimnR7fXRdwgeFeqt8S100mjHBs9mS1GiGeFJIO9jiunKmIWDyp3jKQN59HjQb-pK5WJj97-91Oy0ifILPe-zUUdEBWwaG9dFLNVxdI_CzVk.dbp9lNBAr9G1TDhsRK85oQOAYau7QgdIHD7yUuxTCtI&dib_tag=se&keywords=Macbook+pro+m3&qid=1746501692&sr=8-9,B0CM5JTN4K,"$4,899.00",4.8 out of 5 stars,
,https://www.amazon.com.au/Apple-MacBook-14-inch-14%E2%80%91core-30%E2%80%91core/dp/B0CM5KY2SQ/ref=sr_1_10?dib=eyJ2IjoiMSJ9.oBdAc7O3znd_-gFuihYepjLhEqX0L8rHRIrahXS8-g5uocx8oT_OYBMhW-TMe_MiSNw7wcwKdlwhzcTjGU4EfKx4rjl_MEKOBmI7LPN0rQqXhV-imCoKon0as71nROYVuJPFY5OSVbFWwmWm0lm-P6pqlZs9UfQFjNSOa5Zb65PTLeGba_-XFFUTYRozzAAiimnR7fXRdwgeFeqt8S100mjHBs9mS1GiGeFJIO9jiunKmIWDyp3jKQN59HjQb-pK5WJj97-91Oy0ifILPe-zUUdEBWwaG9dFLNVxdI_CzVk.dbp9lNBAr9G1TDhsRK85oQOAYau7QgdIHD7yUuxTCtI&dib_tag=se&keywords=Macbook+pro+m3&qid=1746501692&sr=8-10,B0CM5KY2SQ,"$5,599.00",5.0 out of 5 stars,
,https://www.amazon.com.au/Apple-2024-MacBook-13-inch-Laptop/dp/B0CX262286/ref=sr_1_11?dib=eyJ2IjoiMSJ9.oBdAc7O3znd_-gFuihYepjLhEqX0L8rHRIrahXS8-g5uocx8oT_OYBMhW-TMe_MiSNw7wcwKdlwhzcTjGU4EfKx4rjl_MEKOBmI7LPN0rQqXhV-imCoKon0as71nROYVuJPFY5OSVbFWwmWm0lm-P6pqlZs9UfQFjNSOa5Zb65PTLeGba_-XFFUTYRozzAAiimnR7fXRdwgeFeqt8S100mjHBs9mS1GiGeFJIO9jiunKmIWDyp3jKQN59HjQb-pK5WJj97-91Oy0ifILPe-zUUdEBWwaG9dFLNVxdI_CzVk.dbp9lNBAr9G1TDhsRK85oQOAYau7QgdIHD7yUuxTCtI&dib_tag=se&keywords=Macbook+pro+m3&qid=1746501692&sr=8-11,B0CX262286,"$1,744.00",5.0 out of 5 stars,
,https://www.amazon.com.au/Apple-MacBook-14-inch-10-core-Unified/dp/B0DLJ7WS5F/ref=sr_1_12?dib=eyJ2IjoiMSJ9.oBdAc7O3znd_-gFuihYepjLhEqX0L8rHRIrahXS8-g5uocx8oT_OYBMhW-TMe_MiSNw7wcwKdlwhzcTjGU4EfKx4rjl_MEKOBmI7LPN0rQqXhV-imCoKon0as71nROYVuJPFY5OSVbFWwmWm0lm-P6pqlZs9UfQFjNSOa5Zb65PTLeGba_-XFFUTYRozzAAiimnR7fXRdwgeFeqt8S100mjHBs9mS1GiGeFJIO9jiunKmIWDyp3jKQN59HjQb-pK5WJj97-91Oy0ifILPe-zUUdEBWwaG9dFLNVxdI_CzVk.dbp9lNBAr9G1TDhsRK85oQOAYau7QgdIHD7yUuxTCtI&dib_tag=se&keywords=Macbook+pro+m3&qid=1746501692&sr=8-12,B0DLJ7WS5F,"$2,597.00",N/A,0
,https://www.amazon.com.au/Apple-MacBook-15-inch-10%E2%80%91core-Unified/dp/B0DLHR4579/ref=sr_1_13?dib=eyJ2IjoiMSJ9.oBdAc7O3znd_-gFuihYepjLhEqX0L8rHRIrahXS8-g5uocx8oT_OYBMhW-TMe_MiSNw7wcwKdlwhzcTjGU4EfKx4rjl_MEKOBmI7LPN0rQqXhV-imCoKon0as71nROYVuJPFY5OSVbFWwmWm0lm-P6pqlZs9UfQFjNSOa5Zb65PTLeGba_-XFFUTYRozzAAiimnR7fXRdwgeFeqt8S100mjHBs9mS1GiGeFJIO9jiunKmIWDyp3jKQN59HjQb-pK5WJj97-91Oy0ifILPe-zUUdEBWwaG9dFLNVxdI_CzVk.dbp9lNBAr9G1TDhsRK85oQOAYau7QgdIHD7yUuxTCtI&dib_tag=se&keywords=Macbook+pro+m3&qid=1746501692&sr=8-13,B0DLHR4579,"$1,877.00",N/A,0
,https://www.amazon.com.au/Apple-2024-MacBook-15-inch-Laptop/dp/B0CX257855/ref=sr_1_14?dib=eyJ2IjoiMSJ9.oBdAc7O3znd_-gFuihYepjLhEqX0L8rHRIrahXS8-g5uocx8oT_OYBMhW-TMe_MiSNw7wcwKdlwhzcTjGU4EfKx4rjl_MEKOBmI7LPN0rQqXhV-imCoKon0as71nROYVuJPFY5OSVbFWwmWm0lm-P6pqlZs9UfQFjNSOa5Zb65PTLeGba_-XFFUTYRozzAAiimnR7fXRdwgeFeqt8S100mjHBs9mS1GiGeFJIO9jiunKmIWDyp3jKQN59HjQb-pK5WJj97-91Oy0ifILPe-zUUdEBWwaG9dFLNVxdI_CzVk.dbp9lNBAr9G1TDhsRK85oQOAYau7QgdIHD7yUuxTCtI&dib_tag=se&keywords=Macbook+pro+m3&qid=1746501692&sr=8-14,B0CX257855,"$2,094.00",4.4 out of 5 stars,
,https://www.amazon.com.au/Apple-MacBook-13-inch-10%E2%80%91core-Unified/dp/B0DLHYRR68/ref=sr_1_15?dib=eyJ2IjoiMSJ9.oBdAc7O3znd_-gFuihYepjLhEqX0L8rHRIrahXS8-g5uocx8oT_OYBMhW-TMe_MiSNw7wcwKdlwhzcTjGU4EfKx4rjl_MEKOBmI7LPN0rQqXhV-imCoKon0as71nROYVuJPFY5OSVbFWwmWm0lm-P6pqlZs9UfQFjNSOa5Zb65PTLeGba_-XFFUTYRozzAAiimnR7fXRdwgeFeqt8S100mjHBs9mS1GiGeFJIO9jiunKmIWDyp3jKQN59HjQb-pK5WJj97-91Oy0ifILPe-zUUdEBWwaG9dFLNVxdI_CzVk.dbp9lNBAr9G1TDhsRK85oQOAYau7QgdIHD7yUuxTCtI&dib_tag=se&keywords=Macbook+pro+m3&qid=1746501692&sr=8-15,B0DLHYRR68,"$1,994.00",N/A,0
,https://www.amazon.com.au/Apple-MacBook-i7-9750H-256GB-Renewed/dp/B0DBGZ4QCL/ref=sr_1_16?dib=eyJ2IjoiMSJ9.oBdAc7O3znd_-gFuihYepjLhEqX0L8rHRIrahXS8-g5uocx8oT_OYBMhW-TMe_MiSNw7wcwKdlwhzcTjGU4EfKx4rjl_MEKOBmI7LPN0rQqXhV-imCoKon0as71nROYVuJPFY5OSVbFWwmWm0lm-P6pqlZs9UfQFjNSOa5Zb65PTLeGba_-XFFUTYRozzAAiimnR7fXRdwgeFeqt8S100mjHBs9mS1GiGeFJIO9jiunKmIWDyp3jKQN59HjQb-pK5WJj97-91Oy0ifILPe-zUUdEBWwaG9dFLNVxdI_CzVk.dbp9lNBAr9G1TDhsRK85oQOAYau7QgdIHD7yUuxTCtI&dib_tag=se&keywords=Macbook+pro+m3&qid=1746501692&sr=8-16,B0DBGZ4QCL,$679.00,2.4 out of 5 stars,
,https://www.amazon.com.au/Apple-MacBook-15-inch-10%E2%80%91core-Unified/dp/B0DLHLXHDB/ref=sr_1_17?dib=eyJ2IjoiMSJ9.oBdAc7O3znd_-gFuihYepjLhEqX0L8rHRIrahXS8-g5uocx8oT_OYBMhW-TMe_MiSNw7wcwKdlwhzcTjGU4EfKx4rjl_MEKOBmI7LPN0rQqXhV-imCoKon0as71nROYVuJPFY5OSVbFWwmWm0lm-P6pqlZs9UfQFjNSOa5Zb65PTLeGba_-XFFUTYRozzAAiimnR7fXRdwgeFeqt8S100mjHBs9mS1GiGeFJIO9jiunKmIWDyp3jKQN59HjQb-pK5WJj97-91Oy0ifILPe-zUUdEBWwaG9dFLNVxdI_CzVk.dbp9lNBAr9G1TDhsRK85oQOAYau7QgdIHD7yUuxTCtI&dib_tag=se&keywords=Macbook+pro+m3&qid=1746501692&sr=8-17,B0DLHLXHDB,"$2,199.00",5.0 out of 5 stars,
,https://www.amazon.com.au/Apple-MacBook-13-inch-10%E2%80%91core-Unified/dp/B0DLHQFBJK/ref=sr_1_18?dib=eyJ2IjoiMSJ9.oBdAc7O3znd_-gFuihYepjLhEqX0L8rHRIrahXS8-g5uocx8oT_OYBMhW-TMe_MiSNw7wcwKdlwhzcTjGU4EfKx4rjl_MEKOBmI7LPN0rQqXhV-imCoKon0as71nROYVuJPFY5OSVbFWwmWm0lm-P6pqlZs9UfQFjNSOa5Zb65PTLeGba_-XFFUTYRozzAAiimnR7fXRdwgeFeqt8S100mjHBs9mS1GiGeFJIO9jiunKmIWDyp3jKQN59HjQb-pK5WJj97-91Oy0ifILPe-zUUdEBWwaG9dFLNVxdI_CzVk.dbp9lNBAr9G1TDhsRK85oQOAYau7QgdIHD7yUuxTCtI&dib_tag=se&keywords=Macbook+pro+m3&qid=1746501692&sr=8-18,B0DLHQFBJK,"$1,994.00",N/A,0
,https://www.amazon.com.au/Apple-2024-MacBook-15-inch-Laptop/dp/B0CX27FXGV/ref=sr_1_19?dib=eyJ2IjoiMSJ9.oBdAc7O3znd_-gFuihYepjLhEqX0L8rHRIrahXS8-g5uocx8oT_OYBMhW-TMe_MiSNw7wcwKdlwhzcTjGU4EfKx4rjl_MEKOBmI7LPN0rQqXhV-imCoKon0as71nROYVuJPFY5OSVbFWwmWm0lm-P6pqlZs9UfQFjNSOa5Zb65PTLeGba_-XFFUTYRozzAAiimnR7fXRdwgeFeqt8S100mjHBs9mS1GiGeFJIO9jiunKmIWDyp3jKQN59HjQb-pK5WJj97-91Oy0ifILPe-zUUdEBWwaG9dFLNVxdI_CzVk.dbp9lNBAr9G1TDhsRK85oQOAYau7QgdIHD7yUuxTCtI&dib_tag=se&keywords=Macbook+pro+m3&qid=1746501692&sr=8-19,B0CX27FXGV,"$2,197.00",4.4 out of 5 stars,
,https://www.amazon.com.au/Apple-2024-MacBook-15-inch-Laptop/dp/B0CX27MQJV/ref=sr_1_20?dib=eyJ2IjoiMSJ9.oBdAc7O3znd_-gFuihYepjLhEqX0L8rHRIrahXS8-g5uocx8oT_OYBMhW-TMe_MiSNw7wcwKdlwhzcTjGU4EfKx4rjl_MEKOBmI7LPN0rQqXhV-imCoKon0as71nROYVuJPFY5OSVbFWwmWm0lm-P6pqlZs9UfQFjNSOa5Zb65PTLeGba_-XFFUTYRozzAAiimnR7fXRdwgeFeqt8S100mjHBs9mS1GiGeFJIO9jiunKmIWDyp3jKQN59HjQb-pK5WJj97-91Oy0ifILPe-zUUdEBWwaG9dFLNVxdI_CzVk.dbp9lNBAr9G1TDhsRK85oQOAYau7QgdIHD7yUuxTCtI&dib_tag=se&keywords=Macbook+pro+m3&qid=1746501692&sr=8-20,B0CX27MQJV,N/A,4.4 out of 5 stars,
,https://www.amazon.com.au/Apple-2024-MacBook-13-inch-Laptop/dp/B0CX26P39R/ref=sr_1_21?dib=eyJ2IjoiMSJ9.oBdAc7O3znd_-gFuihYepjLhEqX0L8rHRIrahXS8-g5uocx8oT_OYBMhW-TMe_MiSNw7wcwKdlwhzcTjGU4EfKx4rjl_MEKOBmI7LPN0rQqXhV-imCoKon0as71nROYVuJPFY5OSVbFWwmWm0lm-P6pqlZs9UfQFjNSOa5Zb65PTLeGba_-XFFUTYRozzAAiimnR7fXRdwgeFeqt8S100mjHBs9mS1GiGeFJIO9jiunKmIWDyp3jKQN59HjQb-pK5WJj97-91Oy0ifILPe-zUUdEBWwaG9dFLNVxdI_CzVk.dbp9lNBAr9G1TDhsRK85oQOAYau7QgdIHD7yUuxTCtI&dib_tag=se&keywords=Macbook+pro+m3&qid=1746501692&sr=8-21,B0CX26P39R,N/A,5.0 out of 5 stars,
,https://www.amazon.com.au/Apple-MacBook-13-inch-8%E2%80%91core-Unified/dp/B0DLJ8VP3D/ref=sr_1_22?dib=eyJ2IjoiMSJ9.oBdAc7O3znd_-gFuihYepjLhEqX0L8rHRIrahXS8-g5uocx8oT_OYBMhW-TMe_MiSNw7wcwKdlwhzcTjGU4EfKx4rjl_MEKOBmI7LPN0rQqXhV-imCoKon0as71nROYVuJPFY5OSVbFWwmWm0lm-P6pqlZs9UfQFjNSOa5Zb65PTLeGba_-XFFUTYRozzAAiimnR7fXRdwgeFeqt8S100mjHBs9mS1GiGeFJIO9jiunKmIWDyp3jKQN59HjQb-pK5WJj97-91Oy0ifILPe-zUUdEBWwaG9dFLNVxdI_CzVk.dbp9lNBAr9G1TDhsRK85oQOAYau7QgdIHD7yUuxTCtI&dib_tag=se&keywords=Macbook+pro+m3&qid=1746501692&sr=8-22,B0DLJ8VP3D,"$1,799.00",N/A,0
,https://www.amazon.com.au/Apple-MacBook-14-inch-12-core-16-core/dp/B0DLJ329G7/ref=sr_1_23?dib=eyJ2IjoiMSJ9.oBdAc7O3znd_-gFuihYepjLhEqX0L8rHRIrahXS8-g5uocx8oT_OYBMhW-TMe_MiSNw7wcwKdlwhzcTjGU4EfKx4rjl_MEKOBmI7LPN0rQqXhV-imCoKon0as71nROYVuJPFY5OSVbFWwmWm0lm-P6pqlZs9UfQFjNSOa5Zb65PTLeGba_-XFFUTYRozzAAiimnR7fXRdwgeFeqt8S100mjHBs9mS1GiGeFJIO9jiunKmIWDyp3jKQN59HjQb-pK5WJj97-91Oy0ifILPe-zUUdEBWwaG9dFLNVxdI_CzVk.dbp9lNBAr9G1TDhsRK85oQOAYau7QgdIHD7yUuxTCtI&dib_tag=se&keywords=Macbook+pro+m3&qid=1746501692&sr=8-23,B0DLJ329G7,N/A,N/A,0
,https://www.amazon.com.au/Apple-MacBook-14-inch-10-core-Unified/dp/B0DLJ1FLXF/ref=sr_1_24?dib=eyJ2IjoiMSJ9.oBdAc7O3znd_-gFuihYepjLhEqX0L8rHRIrahXS8-g5uocx8oT_OYBMhW-TMe_MiSNw7wcwKdlwhzcTjGU4EfKx4rjl_MEKOBmI7LPN0rQqXhV-imCoKon0as71nROYVuJPFY5OSVbFWwmWm0lm-P6pqlZs9UfQFjNSOa5Zb65PTLeGba_-XFFUTYRozzAAiimnR7fXRdwgeFeqt8S100mjHBs9mS1GiGeFJIO9jiunKmIWDyp3jKQN59HjQb-pK5WJj97-91Oy0ifILPe-zUUdEBWwaG9dFLNVxdI_CzVk.dbp9lNBAr9G1TDhsRK85oQOAYau7QgdIHD7yUuxTCtI&dib_tag=se&keywords=Macbook+pro+m3&qid=1746501692&sr=8-24,B0DLJ1FLXF,N/A,N/A,0
,https://www.amazon.com.au/Apple-MacBook-16-inch-14%E2%80%91core-20%E2%80%91core/dp/B0DLHYS5G3/ref=sr_1_25?dib=eyJ2IjoiMSJ9.oBdAc7O3znd_-gFuihYepjLhEqX0L8rHRIrahXS8-g5uocx8oT_OYBMhW-TMe_MiSNw7wcwKdlwhzcTjGU4EfKx4rjl_MEKOBmI7LPN0rQqXhV-imCoKon0as71nROYVuJPFY5OSVbFWwmWm0lm-P6pqlZs9UfQFjNSOa5Zb65PTLeGba_-XFFUTYRozzAAiimnR7fXRdwgeFeqt8S100mjHBs9mS1GiGeFJIO9jiunKmIWDyp3jKQN59HjQb-pK5WJj97-91Oy0ifILPe-zUUdEBWwaG9dFLNVxdI_CzVk.dbp9lNBAr9G1TDhsRK85oQOAYau7QgdIHD7yUuxTCtI&dib_tag=se&keywords=Macbook+pro+m3&qid=1746501692&sr=8-25,B0DLHYS5G3,"$3,887.00",N/A,0
,https://www.amazon.com.au/Apple-MacBook-13-inch-8%E2%80%91core-Unified/dp/B0DLJ8TJXN/ref=sr_1_26?dib=eyJ2IjoiMSJ9.oBdAc7O3znd_-gFuihYepjLhEqX0L8rHRIrahXS8-g5uocx8oT_OYBMhW-TMe_MiSNw7wcwKdlwhzcTjGU4EfKx4rjl_MEKOBmI7LPN0rQqXhV-imCoKon0as71nROYVuJPFY5OSVbFWwmWm0lm-P6pqlZs9UfQFjNSOa5Zb65PTLeGba_-XFFUTYRozzAAiimnR7fXRdwgeFeqt8S100mjHBs9mS1GiGeFJIO9jiunKmIWDyp3jKQN59HjQb-pK5WJj97-91Oy0ifILPe-zUUdEBWwaG9dFLNVxdI_CzVk.dbp9lNBAr9G1TDhsRK85oQOAYau7QgdIHD7yUuxTCtI&dib_tag=se&keywords=Macbook+pro+m3&qid=1746501692&sr=8-26,B0DLJ8TJXN,"$1,799.00",N/A,0
,https://www.amazon.com.au/Apple-MacBook-Retina-i7-8750H-Renewed/dp/B0DZNN84NY/ref=sr_1_27?dib=eyJ2IjoiMSJ9.oBdAc7O3znd_-gFuihYepjLhEqX0L8rHRIrahXS8-g5uocx8oT_OYBMhW-TMe_MiSNw7wcwKdlwhzcTjGU4EfKx4rjl_MEKOBmI7LPN0rQqXhV-imCoKon0as71nROYVuJPFY5OSVbFWwmWm0lm-P6pqlZs9UfQFjNSOa5Zb65PTLeGba_-XFFUTYRozzAAiimnR7fXRdwgeFeqt8S100mjHBs9mS1GiGeFJIO9jiunKmIWDyp3jKQN59HjQb-pK5WJj97-91Oy0ifILPe-zUUdEBWwaG9dFLNVxdI_CzVk.dbp9lNBAr9G1TDhsRK85oQOAYau7QgdIHD7yUuxTCtI&dib_tag=se&keywords=Macbook+pro+m3&qid=1746501692&sr=8-27,B0DZNN84NY,$619.00,5.0 out of 5 stars,
,https://www.amazon.com.au/Apple-MacBook-15-inch-10%E2%80%91core-Unified/dp/B0DLHP6RCH/ref=sr_1_28?dib=eyJ2IjoiMSJ9.oBdAc7O3znd_-gFuihYepjLhEqX0L8rHRIrahXS8-g5uocx8oT_OYBMhW-TMe_MiSNw7wcwKdlwhzcTjGU4EfKx4rjl_MEKOBmI7LPN0rQqXhV-imCoKon0as71nROYVuJPFY5OSVbFWwmWm0lm-P6pqlZs9UfQFjNSOa5Zb65PTLeGba_-XFFUTYRozzAAiimnR7fXRdwgeFeqt8S100mjHBs9mS1GiGeFJIO9jiunKmIWDyp3jKQN59HjQb-pK5WJj97-91Oy0ifILPe-zUUdEBWwaG9dFLNVxdI_CzVk.dbp9lNBAr9G1TDhsRK85oQOAYau7QgdIHD7yUuxTCtI&dib_tag=se&keywords=Macbook+pro+m3&qid=1746501692&sr=8-28,B0DLHP6RCH,"$2,428.77",N/A,0
,https://www.amazon.com.au/MacBook-1-4GHz-Intel-13-inch-Renewed/dp/B0DYGBL9Y3/ref=sr_1_29?dib=eyJ2IjoiMSJ9.oBdAc7O3znd_-gFuihYepjLhEqX0L8rHRIrahXS8-g5uocx8oT_OYBMhW-TMe_MiSNw7wcwKdlwhzcTjGU4EfKx4rjl_MEKOBmI7LPN0rQqXhV-imCoKon0as71nROYVuJPFY5OSVbFWwmWm0lm-P6pqlZs9UfQFjNSOa5Zb65PTLeGba_-XFFUTYRozzAAiimnR7fXRdwgeFeqt8S100mjHBs9mS1GiGeFJIO9jiunKmIWDyp3jKQN59HjQb-pK5WJj97-91Oy0ifILPe-zUUdEBWwaG9dFLNVxdI_CzVk.dbp9lNBAr9G1TDhsRK85oQOAYau7QgdIHD7yUuxTCtI&dib_tag=se&keywords=Macbook+pro+m3&qid=1746501692&sr=8-29,B0DYGBL9Y3,N/A,N/A,0
,https://www.amazon.com.au/Apple-MacBook-14-inch-10-core-Unified/dp/B0DLHYBT99/ref=sr_1_30?dib=eyJ2IjoiMSJ9.oBdAc7O3znd_-gFuihYepjLhEqX0L8rHRIrahXS8-g5uocx8oT_OYBMhW-TMe_MiSNw7wcwKdlwhzcTjGU4EfKx4rjl_MEKOBmI7LPN0rQqXhV-imCoKon0as71nROYVuJPFY5OSVbFWwmWm0lm-P6pqlZs9UfQFjNSOa5Zb65PTLeGba_-XFFUTYRozzAAiimnR7fXRdwgeFeqt8S100mjHBs9mS1GiGeFJIO9jiunKmIWDyp3jKQN59HjQb-pK5WJj97-91Oy0ifILPe-zUUdEBWwaG9dFLNVxdI_CzVk.dbp9lNBAr9G1TDhsRK85oQOAYau7QgdIHD7yUuxTCtI&dib_tag=se&keywords=Macbook+pro+m3&qid=1746501692&sr=8-30,B0DLHYBT99,N/A,N/A,0
,https://www.amazon.com.au/Apple-MacBook-13-inch-8%E2%80%91core-Unified/dp/B0DLJCVCXV/ref=sr_1_31?dib=eyJ2IjoiMSJ9.oBdAc7O3znd_-gFuihYepjLhEqX0L8rHRIrahXS8-g5uocx8oT_OYBMhW-TMe_MiSNw7wcwKdlwhzcTjGU4EfKx4rjl_MEKOBmI7LPN0rQqXhV-imCoKon0as71nROYVuJPFY5OSVbFWwmWm0lm-P6pqlZs9UfQFjNSOa5Zb65PTLeGba_-XFFUTYRozzAAiimnR7fXRdwgeFeqt8S100mjHBs9mS1GiGeFJIO9jiunKmIWDyp3jKQN59HjQb-pK5WJj97-91Oy0ifILPe-zUUdEBWwaG9dFLNVxdI_CzVk.dbp9lNBAr9G1TDhsRK85oQOAYau7QgdIHD7yUuxTCtI&dib_tag=se&keywords=Macbook+pro+m3&qid=1746501692&sr=8-31,B0DLJCVCXV,"$1,723.79",N/A,0
,https://www.amazon.com.au/Apple-MacBook-13-inch-10%E2%80%91core-Unified/dp/B0DLHM63GP/ref=sr_1_32?dib=eyJ2IjoiMSJ9.oBdAc7O3znd_-gFuihYepjLhEqX0L8rHRIrahXS8-g5uocx8oT_OYBMhW-TMe_MiSNw7wcwKdlwhzcTjGU4EfKx4rjl_MEKOBmI7LPN0rQqXhV-imCoKon0as71nROYVuJPFY5OSVbFWwmWm0lm-P6pqlZs9UfQFjNSOa5Zb65PTLeGba_-XFFUTYRozzAAiimnR7fXRdwgeFeqt8S100mjHBs9mS1GiGeFJIO9jiunKmIWDyp3jKQN59HjQb-pK5WJj97-91Oy0ifILPe-zUUdEBWwaG9dFLNVxdI_CzVk.dbp9lNBAr9G1TDhsRK85oQOAYau7QgdIHD7yUuxTCtI&dib_tag=se&keywords=Macbook+pro+m3&qid=1746501692&sr=8-32,B0DLHM63GP,"$1,885.39",N/A,
,https://www.amazon.com.au/Apple-MacBook-10-core-16-core-16-inch/dp/B0DYFCN255/ref=sr_1_33?dib=eyJ2IjoiMSJ9.oBdAc7O3znd_-gFuihYepjLhEqX0L8rHRIrahXS8-g5uocx8oT_OYBMhW-TMe_MiSNw7wcwKdlwhzcTjGU4EfKx4rjl_MEKOBmI7LPN0rQqXhV-imCoKon0as71nROYVuJPFY5OSVbFWwmWm0lm-P6pqlZs9UfQFjNSOa5Zb65PTLeGba_-XFFUTYRozzAAiimnR7fXRdwgeFeqt8S100mjHBs9mS1GiGeFJIO9jiunKmIWDyp3jKQN59HjQb-pK5WJj97-91Oy0ifILPe-zUUdEBWwaG9dFLNVxdI_CzVk.dbp9lNBAr9G1TDhsRK85oQOAYau7QgdIHD7yUuxTCtI&dib_tag=se&keywords=Macbook+pro+m3&qid=1746501692&sr=8-33,B0DYFCN255,"$2,199.00",N/A,0
,https://www.amazon.com.au/Apple-MacBook-15-inch-10%E2%80%91core-Unified/dp/B0DLHP88PW/ref=sr_1_34?dib=eyJ2IjoiMSJ9.oBdAc7O3znd_-gFuihYepjLhEqX0L8rHRIrahXS8-g5uocx8oT_OYBMhW-TMe_MiSNw7wcwKdlwhzcTjGU4EfKx4rjl_MEKOBmI7LPN0rQqXhV-imCoKon0as71nROYVuJPFY5OSVbFWwmWm0lm-P6pqlZs9UfQFjNSOa5Zb65PTLeGba_-XFFUTYRozzAAiimnR7fXRdwgeFeqt8S100mjHBs9mS1GiGeFJIO9jiunKmIWDyp3jKQN59HjQb-pK5WJj97-91Oy0ifILPe-zUUdEBWwaG9dFLNVxdI_CzVk.dbp9lNBAr9G1TDhsRK85oQOAYau7QgdIHD7yUuxTCtI&dib_tag=se&keywords=Macbook+pro+m3&qid=1746501692&sr=8-34,B0DLHP88PW,"$2,394.00",N/A,0
,https://www.amazon.com.au/Apple-2024-MacBook-15-inch-Laptop/dp/B0CX263WRD/ref=sr_1_35?dib=eyJ2IjoiMSJ9.oBdAc7O3znd_-gFuihYepjLhEqX0L8rHRIrahXS8-g5uocx8oT_OYBMhW-TMe_MiSNw7wcwKdlwhzcTjGU4EfKx4rjl_MEKOBmI7LPN0rQqXhV-imCoKon0as71nROYVuJPFY5OSVbFWwmWm0lm-P6pqlZs9UfQFjNSOa5Zb65PTLeGba_-XFFUTYRozzAAiimnR7fXRdwgeFeqt8S100mjHBs9mS1GiGeFJIO9jiunKmIWDyp3jKQN59HjQb-pK5WJj97-91Oy0ifILPe-zUUdEBWwaG9dFLNVxdI_CzVk.dbp9lNBAr9G1TDhsRK85oQOAYau7QgdIHD7yUuxTCtI&dib_tag=se&keywords=Macbook+pro+m3&qid=1746501692&sr=8-35,B0CX263WRD,N/A,4.4 out of 5 stars,
,https://www.amazon.com.au/Apple-MacBook-15-inch-10%E2%80%91core-Unified/dp/B0DLJG2PYH/ref=sr_1_36?dib=eyJ2IjoiMSJ9.oBdAc7O3znd_-gFuihYepjLhEqX0L8rHRIrahXS8-g5uocx8oT_OYBMhW-TMe_MiSNw7wcwKdlwhzcTjGU4EfKx4rjl_MEKOBmI7LPN0rQqXhV-imCoKon0as71nROYVuJPFY5OSVbFWwmWm0lm-P6pqlZs9UfQFjNSOa5Zb65PTLeGba_-XFFUTYRozzAAiimnR7fXRdwgeFeqt8S100mjHBs9mS1GiGeFJIO9jiunKmIWDyp3jKQN59HjQb-pK5WJj97-91Oy0ifILPe-zUUdEBWwaG9dFLNVxdI_CzVk.dbp9lNBAr9G1TDhsRK85oQOAYau7QgdIHD7yUuxTCtI&dib_tag=se&keywords=Macbook+pro+m3&qid=1746501692&sr=8-36,B0DLJG2PYH,"$2,394.00",N/A,0
,https://www.amazon.com.au/Apple-2024-MacBook-Laptop-Chip/dp/B0CX221GLM/ref=sr_1_37?dib=eyJ2IjoiMSJ9.oBdAc7O3znd_-gFuihYepjLhEqX0L8rHRIrahXS8-g5uocx8oT_OYBMhW-TMe_MiSNw7wcwKdlwhzcTjGU4EfKx4rjl_MEKOBmI7LPN0rQqXhV-imCoKon0as71nROYVuJPFY5OSVbFWwmWm0lm-P6pqlZs9UfQFjNSOa5Zb65PTLeGba_-XFFUTYRozzAAiimnR7fXRdwgeFeqt8S100mjHBs9mS1GiGeFJIO9jiunKmIWDyp3jKQN59HjQb-pK5WJj97-91Oy0ifILPe-zUUdEBWwaG9dFLNVxdI_CzVk.dbp9lNBAr9G1TDhsRK85oQOAYau7QgdIHD7yUuxTCtI&dib_tag=se&keywords=Macbook+pro+m3&qid=1746501692&sr=8-37,B0CX221GLM,"$3,202.52",4.4 out of 5 stars,
,https://www.amazon.com.au/Apple-MacBook-14-inch-12-core-16-core/dp/B0DLHP31FM/ref=sr_1_38?dib=eyJ2IjoiMSJ9.oBdAc7O3znd_-gFuihYepjLhEqX0L8rHRIrahXS8-g5uocx8oT_OYBMhW-TMe_MiSNw7wcwKdlwhzcTjGU4EfKx4rjl_MEKOBmI7LPN0rQqXhV-imCoKon0as71nROYVuJPFY5OSVbFWwmWm0lm-P6pqlZs9UfQFjNSOa5Zb65PTLeGba_-XFFUTYRozzAAiimnR7fXRdwgeFeqt8S100mjHBs9mS1GiGeFJIO9jiunKmIWDyp3jKQN59HjQb-pK5WJj97-91Oy0ifILPe-zUUdEBWwaG9dFLNVxdI_CzVk.dbp9lNBAr9G1TDhsRK85oQOAYau7QgdIHD7yUuxTCtI&dib_tag=se&keywords=Macbook+pro+m3&qid=1746501692&sr=8-38,B0DLHP31FM,N/A,N/A,0
,https://www.amazon.com.au/Apple-MacBook-2-4GHz-16-inch-Renewed/dp/B0DYFJNFPC/ref=sr_1_39?dib=eyJ2IjoiMSJ9.oBdAc7O3znd_-gFuihYepjLhEqX0L8rHRIrahXS8-g5uocx8oT_OYBMhW-TMe_MiSNw7wcwKdlwhzcTjGU4EfKx4rjl_MEKOBmI7LPN0rQqXhV-imCoKon0as71nROYVuJPFY5OSVbFWwmWm0lm-P6pqlZs9UfQFjNSOa5Zb65PTLeGba_-XFFUTYRozzAAiimnR7fXRdwgeFeqt8S100mjHBs9mS1GiGeFJIO9jiunKmIWDyp3jKQN59HjQb-pK5WJj97-91Oy0ifILPe-zUUdEBWwaG9dFLNVxdI_CzVk.dbp9lNBAr9G1TDhsRK85oQOAYau7QgdIHD7yUuxTCtI&dib_tag=se&keywords=Macbook+pro+m3&qid=1746501692&sr=8-39,B0DYFJNFPC,N/A,N/A,0
,https://www.amazon.com.au/Apple-MacBook-12-core-19-core-16-inch/dp/B0DYFC3Q16/ref=sr_1_40?dib=eyJ2IjoiMSJ9.oBdAc7O3znd_-gFuihYepjLhEqX0L8rHRIrahXS8-g5uocx8oT_OYBMhW-TMe_MiSNw7wcwKdlwhzcTjGU4EfKx4rjl_MEKOBmI7LPN0rQqXhV-imCoKon0as71nROYVuJPFY5OSVbFWwmWm0lm-P6pqlZs9UfQFjNSOa5Zb65PTLeGba_-XFFUTYRozzAAiimnR7fXRdwgeFeqt8S100mjHBs9mS1GiGeFJIO9jiunKmIWDyp3jKQN59HjQb-pK5WJj97-91Oy0ifILPe-zUUdEBWwaG9dFLNVxdI_CzVk.dbp9lNBAr9G1TDhsRK85oQOAYau7QgdIHD7yUuxTCtI&dib_tag=se&keywords=Macbook+pro+m3&qid=1746501692&sr=8-40,B0DYFC3Q16,"$2,799.00",N/A,0
,https://www.amazon.com.au/Apple-MacBook-A1989-i7-8559U-Renewed/dp/B0DSVBTW8L/ref=sr_1_41?dib=eyJ2IjoiMSJ9.oBdAc7O3znd_-gFuihYepjLhEqX0L8rHRIrahXS8-g5uocx8oT_OYBMhW-TMe_MiSNw7wcwKdlwhzcTjGU4EfKx4rjl_MEKOBmI7LPN0rQqXhV-imCoKon0as71nROYVuJPFY5OSVbFWwmWm0lm-P6pqlZs9UfQFjNSOa5Zb65PTLeGba_-XFFUTYRozzAAiimnR7fXRdwgeFeqt8S100mjHBs9mS1GiGeFJIO9jiunKmIWDyp3jKQN59HjQb-pK5WJj97-91Oy0ifILPe-zUUdEBWwaG9dFLNVxdI_CzVk.dbp9lNBAr9G1TDhsRK85oQOAYau7QgdIHD7yUuxTCtI&dib_tag=se&keywords=Macbook+pro+m3&qid=1746501692&sr=8-41,B0DSVBTW8L,$699.00,N/A,0
,https://www.amazon.com.au/Apple-MacBook-15-inch-10%E2%80%91core-Unified/dp/B0DLHQKN3S/ref=sr_1_42?dib=eyJ2IjoiMSJ9.oBdAc7O3znd_-gFuihYepjLhEqX0L8rHRIrahXS8-g5uocx8oT_OYBMhW-TMe_MiSNw7wcwKdlwhzcTjGU4EfKx4rjl_MEKOBmI7LPN0rQqXhV-imCoKon0as71nROYVuJPFY5OSVbFWwmWm0lm-P6pqlZs9UfQFjNSOa5Zb65PTLeGba_-XFFUTYRozzAAiimnR7fXRdwgeFeqt8S100mjHBs9mS1GiGeFJIO9jiunKmIWDyp3jKQN59HjQb-pK5WJj97-91Oy0ifILPe-zUUdEBWwaG9dFLNVxdI_CzVk.dbp9lNBAr9G1TDhsRK85oQOAYau7QgdIHD7yUuxTCtI&dib_tag=se&keywords=Macbook+pro+m3&qid=1746501692&sr=8-42,B0DLHQKN3S,"$2,199.00",N/A,0
,https://www.amazon.com.au/Apple-MacBook-14-inch-14%E2%80%91core-20%E2%80%91core/dp/B0DLJL1BD8/ref=sr_1_43?dib=eyJ2IjoiMSJ9.oBdAc7O3znd_-gFuihYepjLhEqX0L8rHRIrahXS8-g5uocx8oT_OYBMhW-TMe_MiSNw7wcwKdlwhzcTjGU4EfKx4rjl_MEKOBmI7LPN0rQqXhV-imCoKon0as71nROYVuJPFY5OSVbFWwmWm0lm-P6pqlZs9UfQFjNSOa5Zb65PTLeGba_-XFFUTYRozzAAiimnR7fXRdwgeFeqt8S100mjHBs9mS1GiGeFJIO9jiunKmIWDyp3jKQN59HjQb-pK5WJj97-91Oy0ifILPe-zUUdEBWwaG9dFLNVxdI_CzVk.dbp9lNBAr9G1TDhsRK85oQOAYau7QgdIHD7yUuxTCtI&dib_tag=se&keywords=Macbook+pro+m3&qid=1746501692&sr=8-43,B0DLJL1BD8,"$3,967.00",N/A,0
,https://www.amazon.com.au/Apple-MacBook-16-inch-14%E2%80%91core-20%E2%80%91core/dp/B0DLHRFM56/ref=sr_1_44?dib=eyJ2IjoiMSJ9.oBdAc7O3znd_-gFuihYepjLhEqX0L8rHRIrahXS8-g5uocx8oT_OYBMhW-TMe_MiSNw7wcwKdlwhzcTjGU4EfKx4rjl_MEKOBmI7LPN0rQqXhV-imCoKon0as71nROYVuJPFY5OSVbFWwmWm0lm-P6pqlZs9UfQFjNSOa5Zb65PTLeGba_-XFFUTYRozzAAiimnR7fXRdwgeFeqt8S100mjHBs9mS1GiGeFJIO9jiunKmIWDyp3jKQN59HjQb-pK5WJj97-91Oy0ifILPe-zUUdEBWwaG9dFLNVxdI_CzVk.dbp9lNBAr9G1TDhsRK85oQOAYau7QgdIHD7yUuxTCtI&dib_tag=se&keywords=Macbook+pro+m3&qid=1746501692&sr=8-44,B0DLHRFM56,"$4,599.00",N/A,0
,https://www.amazon.com.au/Apple-MacBook-16-inch-14%E2%80%91core-32%E2%80%91core/dp/B0DLHNT5QY/ref=sr_1_45?dib=eyJ2IjoiMSJ9.oBdAc7O3znd_-gFuihYepjLhEqX0L8rHRIrahXS8-g5uocx8oT_OYBMhW-TMe_MiSNw7wcwKdlwhzcTjGU4EfKx4rjl_MEKOBmI7LPN0rQqXhV-imCoKon0as71nROYVuJPFY5OSVbFWwmWm0lm-P6pqlZs9UfQFjNSOa5Zb65PTLeGba_-XFFUTYRozzAAiimnR7fXRdwgeFeqt8S100mjHBs9mS1GiGeFJIO9jiunKmIWDyp3jKQN59HjQb-pK5WJj97-91Oy0ifILPe-zUUdEBWwaG9dFLNVxdI_CzVk.dbp9lNBAr9G1TDhsRK85oQOAYau7QgdIHD7yUuxTCtI&dib_tag=se&keywords=Macbook+pro+m3&qid=1746501692&sr=8-45,B0DLHNT5QY,"$5,587.00",N/A,0
,https://www.amazon.com.au/Apple-MacBook-14-inch-10%E2%80%91core-16%E2%80%91core/dp/B09JQQWR35/ref=sr_1_46?dib=eyJ2IjoiMSJ9.oBdAc7O3znd_-gFuihYepjLhEqX0L8rHRIrahXS8-g5uocx8oT_OYBMhW-TMe_MiSNw7wcwKdlwhzcTjGU4EfKx4rjl_MEKOBmI7LPN0rQqXhV-imCoKon0as71nROYVuJPFY5OSVbFWwmWm0lm-P6pqlZs9UfQFjNSOa5Zb65PTLeGba_-XFFUTYRozzAAiimnR7fXRdwgeFeqt8S100mjHBs9mS1GiGeFJIO9jiunKmIWDyp3jKQN59HjQb-pK5WJj97-91Oy0ifILPe-zUUdEBWwaG9dFLNVxdI_CzVk.dbp9lNBAr9G1TDhsRK85oQOAYau7QgdIHD7yUuxTCtI&dib_tag=se&keywords=Macbook+pro+m3&qid=1746501692&sr=8-46,B09JQQWR35,"$3,595.00",4.6 out of 5 stars,
,https://www.amazon.com.au/Apple-MacBook-15-inch-10%E2%80%91core-Unified/dp/B0DLHQMJH5/ref=sr_1_47?dib=eyJ2IjoiMSJ9.oBdAc7O3znd_-gFuihYepjLhEqX0L8rHRIrahXS8-g5uocx8oT_OYBMhW-TMe_MiSNw7wcwKdlwhzcTjGU4EfKx4rjl_MEKOBmI7LPN0rQqXhV-imCoKon0as71nROYVuJPFY5OSVbFWwmWm0lm-P6pqlZs9UfQFjNSOa5Zb65PTLeGba_-XFFUTYRozzAAiimnR7fXRdwgeFeqt8S100mjHBs9mS1GiGeFJIO9jiunKmIWDyp3jKQN59HjQb-pK5WJj97-91Oy0ifILPe-zUUdEBWwaG9dFLNVxdI_CzVk.dbp9lNBAr9G1TDhsRK85oQOAYau7QgdIHD7yUuxTCtI&dib_tag=se&keywords=Macbook+pro+m3&qid=1746501692&sr=8-47,B0DLHQMJH5,"$2,199.00",N/A,0
,https://www.amazon.com.au/Apple-MacBook-10-core-24-core-14-inch/dp/B0DYF9L7YW/ref=sr_1_48?dib=eyJ2IjoiMSJ9.oBdAc7O3znd_-gFuihYepjLhEqX0L8rHRIrahXS8-g5uocx8oT_OYBMhW-TMe_MiSNw7wcwKdlwhzcTjGU4EfKx4rjl_MEKOBmI7LPN0rQqXhV-imCoKon0as71nROYVuJPFY5OSVbFWwmWm0lm-P6pqlZs9UfQFjNSOa5Zb65PTLeGba_-XFFUTYRozzAAiimnR7fXRdwgeFeqt8S100mjHBs9mS1GiGeFJIO9jiunKmIWDyp3jKQN59HjQb-pK5WJj97-91Oy0ifILPe-zUUdEBWwaG9dFLNVxdI_CzVk.dbp9lNBAr9G1TDhsRK85oQOAYau7QgdIHD7yUuxTCtI&dib_tag=se&keywords=Macbook+pro+m3&qid=1746501692&sr=8-48,B0DYF9L7YW,"$2,779.00",N/A,0
"Apple 2023 MacBook Pro (14-inch, Apple M3 Pro chip with 11‑core CPU and 14‑core GPU, 18GB Unified Memory, 512GB) - Silver",https://www.amazon.com.au/Apple-MacBook-14-inch-11%E2%80%91core-14%E2%80%91core/dp/B0CM5JP83X/ref=sr_1_1?dib=eyJ2IjoiMSJ9.oBdAc7O3znd_-gFuihYepjLhEqX0L8rHRIrahXS8-g5uocx8oT_OYBMhW-TMe_MiSNw7wcwKdlwhzcTjGU4EfKx4rjl_MEKOBmI7LPN0rQqXhV-imCoKon0as71nROYVuJPFY5OSVbFWwmWm0lm-P6pqlZs9UfQFjNSOa5Zb65PTLeGba_-XFFUTYRozzAAiimnR7fXRdwgeFeqt8S100mjHBs9mS1GiGeFJIO9jiunKmIWDyp3jKQN59HjQb-pK5WJj97-91Oy0ifILPe-zUUdEBWwaG9dFLNVxdI_CzVk.dbp9lNBAr9G1TDhsRK85oQOAYau7QgdIHD7yUuxTCtI&dib_tag=se&keywords=Macbook+pro+m3&qid=1746501698&sr=8-1,B0CM5JP83X,"$2,935.79",5.0 out of 5 stars,5
"Apple 2023 MacBook Pro (14-inch, Apple M3 Max chip with 14‑core CPU and 30‑core GPU, 36GB Unified Memory, 1TB) - Silver",https://www.amazon.com.au/Apple-MacBook-14-inch-14%E2%80%91core-30%E2%80%91core/dp/B0CM5K8C2L/ref=sr_1_2?dib=eyJ2IjoiMSJ9.oBdAc7O3znd_-gFuihYepjLhEqX0L8rHRIrahXS8-g5uocx8oT_OYBMhW-TMe_MiSNw7wcwKdlwhzcTjGU4EfKx4rjl_MEKOBmI7LPN0rQqXhV-imCoKon0as71nROYVuJPFY5OSVbFWwmWm0lm-P6pqlZs9UfQFjNSOa5Zb65PTLeGba_-XFFUTYRozzAAiimnR7fXRdwgeFeqt8S100mjHBs9mS1GiGeFJIO9jiunKmIWDyp3jKQN59HjQb-pK5WJj97-91Oy0ifILPe-zUUdEBWwaG9dFLNVxdI_CzVk.dbp9lNBAr9G1TDhsRK85oQOAYau7QgdIHD7yUuxTCtI&dib_tag=se&keywords=Macbook+pro+m3&qid=1746501698&sr=8-2,B0CM5K8C2L,"$5,599.00",5.0 out of 5 stars,5
"Apple 2023 MacBook Pro (16-inch, Apple M3 Pro chip with 12‑core CPU and 18‑core GPU, 18GB Unified Memory, 512GB) - Space Black",https://www.amazon.com.au/Apple-MacBook-16-inch-12%E2%80%91core-18%E2%80%91core/dp/B0CM5BJD7Z/ref=sr_1_3?dib=eyJ2IjoiMSJ9.oBdAc7O3znd_-gFuihYepjLhEqX0L8rHRIrahXS8-g5uocx8oT_OYBMhW-TMe_MiSNw7wcwKdlwhzcTjGU4EfKx4rjl_MEKOBmI7LPN0rQqXhV-imCoKon0as71nROYVuJPFY5OSVbFWwmWm0lm-P6pqlZs9UfQFjNSOa5Zb65PTLeGba_-XFFUTYRozzAAiimnR7fXRdwgeFeqt8S100mjHBs9mS1GiGeFJIO9jiunKmIWDyp3jKQN59HjQb-pK5WJj97-91Oy0ifILPe-zUUdEBWwaG9dFLNVxdI_CzVk.dbp9lNBAr9G1TDhsRK85oQOAYau7QgdIHD7yUuxTCtI&dib_tag=se&keywords=Macbook+pro+m3&qid=1746501698&sr=8-3,B0CM5BJD7Z,"$3,792.27",4.8 out of 5 stars,7
,https://www.amazon.com.au/Apple-2024-MacBook-13-inch-Laptop/dp/B0CX25L4XB/ref=sr_1_4?dib=eyJ2IjoiMSJ9.oBdAc7O3znd_-gFuihYepjLhEqX0L8rHRIrahXS8-g5uocx8oT_OYBMhW-TMe_MiSNw7wcwKdlwhzcTjGU4EfKx4rjl_MEKOBmI7LPN0rQqXhV-imCoKon0as71nROYVuJPFY5OSVbFWwmWm0lm-P6pqlZs9UfQFjNSOa5Zb65PTLeGba_-XFFUTYRozzAAiimnR7fXRdwgeFeqt8S100mjHBs9mS1GiGeFJIO9jiunKmIWDyp3jKQN59HjQb-pK5WJj97-91Oy0ifILPe-zUUdEBWwaG9dFLNVxdI_CzVk.dbp9lNBAr9G1TDhsRK85oQOAYau7QgdIHD7yUuxTCtI&dib_tag=se&keywords=Macbook+pro+m3&qid=1746501698&sr=8-4,B0CX25L4XB,"$1,744.00",5.0 out of 5 stars,
,https://www.amazon.com.au/Apple-MacBook-16-inch-12%E2%80%91core-18%E2%80%91core/dp/B0CM5J2KSX/ref=sr_1_5?dib=eyJ2IjoiMSJ9.oBdAc7O3znd_-gFuihYepjLhEqX0L8rHRIrahXS8-g5uocx8oT_OYBMhW-TMe_MiSNw7wcwKdlwhzcTjGU4EfKx4rjl_MEKOBmI7LPN0rQqXhV-imCoKon0as71nROYVuJPFY5OSVbFWwmWm0lm-P6pqlZs9UfQFjNSOa5Zb65PTLeGba_-XFFUTYRozzAAiimnR7fXRdwgeFeqt8S100mjHBs9mS1GiGeFJIO9jiunKmIWDyp3jKQN59HjQb-pK5WJj97-91Oy0ifILPe-zUUdEBWwaG9dFLNVxdI_CzVk.dbp9lNBAr9G1TDhsRK85oQOAYau7QgdIHD7yUuxTCtI&dib_tag=se&keywords=Macbook+pro+m3&qid=1746501698&sr=8-5,B0CM5J2KSX,"$4,299.00",4.8 out of 5 stars,
,https://www.amazon.com.au/Apple-2024-MacBook-13-inch-Laptop/dp/B0CX26Z41N/ref=sr_1_6?dib=eyJ2IjoiMSJ9.oBdAc7O3znd_-gFuihYepjLhEqX0L8rHRIrahXS8-g5uocx8oT_OYBMhW-TMe_MiSNw7wcwKdlwhzcTjGU4EfKx4rjl_MEKOBmI7LPN0rQqXhV-imCoKon0as71nROYVuJPFY5OSVbFWwmWm0lm-P6pqlZs9UfQFjNSOa5Zb65PTLeGba_-XFFUTYRozzAAiimnR7fXRdwgeFeqt8S100mjHBs9mS1GiGeFJIO9jiunKmIWDyp3jKQN59HjQb-pK5WJj97-91Oy0ifILPe-zUUdEBWwaG9dFLNVxdI_CzVk.dbp9lNBAr9G1TDhsRK85oQOAYau7QgdIHD7yUuxTCtI&dib_tag=se&keywords=Macbook+pro+m3&qid=1746501698&sr=8-6,B0CX26Z41N,"$1,744.00",5.0 out of 5 stars,
,https://www.amazon.com.au/Apple-MacBook-14-inch-10%E2%80%91core-Unified/dp/B0CM5BHK1T/ref=sr_1_7?dib=eyJ2IjoiMSJ9.oBdAc7O3znd_-gFuihYepjLhEqX0L8rHRIrahXS8-g5uocx8oT_OYBMhW-TMe_MiSNw7wcwKdlwhzcTjGU4EfKx4rjl_MEKOBmI7LPN0rQqXhV-imCoKon0as71nROYVuJPFY5OSVbFWwmWm0lm-P6pqlZs9UfQFjNSOa5Zb65PTLeGba_-XFFUTYRozzAAiimnR7fXRdwgeFeqt8S100mjHBs9mS1GiGeFJIO9jiunKmIWDyp3jKQN59HjQb-pK5WJj97-91Oy0ifILPe-zUUdEBWwaG9dFLNVxdI_CzVk.dbp9lNBAr9G1TDhsRK85oQOAYau7QgdIHD7yUuxTCtI&dib_tag=se&keywords=Macbook+pro+m3&qid=1746501698&sr=8-7,B0CM5BHK1T,N/A,4.8 out of 5 stars,
,https://www.amazon.com.au/Apple-2024-MacBook-13-inch-Laptop/dp/B0CX25ZV7S/ref=sr_1_8?dib=eyJ2IjoiMSJ9.oBdAc7O3znd_-gFuihYepjLhEqX0L8rHRIrahXS8-g5uocx8oT_OYBMhW-TMe_MiSNw7wcwKdlwhzcTjGU4EfKx4rjl_MEKOBmI7LPN0rQqXhV-imCoKon0as71nROYVuJPFY5OSVbFWwmWm0lm-P6pqlZs9UfQFjNSOa5Zb65PTLeGba_-XFFUTYRozzAAiimnR7fXRdwgeFeqt8S100mjHBs9mS1GiGeFJIO9jiunKmIWDyp3jKQN59HjQb-pK5WJj97-91Oy0ifILPe-zUUdEBWwaG9dFLNVxdI_CzVk.dbp9lNBAr9G1TDhsRK85oQOAYau7QgdIHD7yUuxTCtI&dib_tag=se&keywords=Macbook+pro+m3&qid=1746501698&sr=8-8,B0CX25ZV7S,"$1,744.00",5.0 out of 5 stars,
,https://www.amazon.com.au/Apple-MacBook-16-inch-12%E2%80%91core-18%E2%80%91core/dp/B0CM5JTN4K/ref=sr_1_9?dib=eyJ2IjoiMSJ9.oBdAc7O3znd_-gFuihYepjLhEqX0L8rHRIrahXS8-g5uocx8oT_OYBMhW-TMe_MiSNw7wcwKdlwhzcTjGU4EfKx4rjl_MEKOBmI7LPN0rQqXhV-imCoKon0as71nROYVuJPFY5OSVbFWwmWm0lm-P6pqlZs9UfQFjNSOa5Zb65PTLeGba_-XFFUTYRozzAAiimnR7fXRdwgeFeqt8S100mjHBs9mS1GiGeFJIO9jiunKmIWDyp3jKQN59HjQb-pK5WJj97-91Oy0ifILPe-zUUdEBWwaG9dFLNVxdI_CzVk.dbp9lNBAr9G1TDhsRK85oQOAYau7QgdIHD7yUuxTCtI&dib_tag=se&keywords=Macbook+pro+m3&qid=1746501698&sr=8-9,B0CM5JTN4K,"$4,899.00",4.8 out of 5 stars,
,https://www.amazon.com.au/Apple-MacBook-14-inch-14%E2%80%91core-30%E2%80%91core/dp/B0CM5KY2SQ/ref=sr_1_10?dib=eyJ2IjoiMSJ9.oBdAc7O3znd_-gFuihYepjLhEqX0L8rHRIrahXS8-g5uocx8oT_OYBMhW-TMe_MiSNw7wcwKdlwhzcTjGU4EfKx4rjl_MEKOBmI7LPN0rQqXhV-imCoKon0as71nROYVuJPFY5OSVbFWwmWm0lm-P6pqlZs9UfQFjNSOa5Zb65PTLeGba_-XFFUTYRozzAAiimnR7fXRdwgeFeqt8S100mjHBs9mS1GiGeFJIO9jiunKmIWDyp3jKQN59HjQb-pK5WJj97-91Oy0ifILPe-zUUdEBWwaG9dFLNVxdI_CzVk.dbp9lNBAr9G1TDhsRK85oQOAYau7QgdIHD7yUuxTCtI&dib_tag=se&keywords=Macbook+pro+m3&qid=1746501698&sr=8-10,B0CM5KY2SQ,"$5,599.00",5.0 out of 5 stars,
,https://www.amazon.com.au/Apple-2024-MacBook-13-inch-Laptop/dp/B0CX262286/ref=sr_1_11?dib=eyJ2IjoiMSJ9.oBdAc7O3znd_-gFuihYepjLhEqX0L8rHRIrahXS8-g5uocx8oT_OYBMhW-TMe_MiSNw7wcwKdlwhzcTjGU4EfKx4rjl_MEKOBmI7LPN0rQqXhV-imCoKon0as71nROYVuJPFY5OSVbFWwmWm0lm-P6pqlZs9UfQFjNSOa5Zb65PTLeGba_-XFFUTYRozzAAiimnR7fXRdwgeFeqt8S100mjHBs9mS1GiGeFJIO9jiunKmIWDyp3jKQN59HjQb-pK5WJj97-91Oy0ifILPe-zUUdEBWwaG9dFLNVxdI_CzVk.dbp9lNBAr9G1TDhsRK85oQOAYau7QgdIHD7yUuxTCtI&dib_tag=se&keywords=Macbook+pro+m3&qid=1746501698&sr=8-11,B0CX262286,"$1,744.00",5.0 out of 5 stars,
,https://www.amazon.com.au/Apple-MacBook-14-inch-10-core-Unified/dp/B0DLJ7WS5F/ref=sr_1_12?dib=eyJ2IjoiMSJ9.oBdAc7O3znd_-gFuihYepjLhEqX0L8rHRIrahXS8-g5uocx8oT_OYBMhW-TMe_MiSNw7wcwKdlwhzcTjGU4EfKx4rjl_MEKOBmI7LPN0rQqXhV-imCoKon0as71nROYVuJPFY5OSVbFWwmWm0lm-P6pqlZs9UfQFjNSOa5Zb65PTLeGba_-XFFUTYRozzAAiimnR7fXRdwgeFeqt8S100mjHBs9mS1GiGeFJIO9jiunKmIWDyp3jKQN59HjQb-pK5WJj97-91Oy0ifILPe-zUUdEBWwaG9dFLNVxdI_CzVk.dbp9lNBAr9G1TDhsRK85oQOAYau7QgdIHD7yUuxTCtI&dib_tag=se&keywords=Macbook+pro+m3&qid=1746501698&sr=8-12,B0DLJ7WS5F,"$2,597.00",N/A,0
,https://www.amazon.com.au/Apple-MacBook-15-inch-10%E2%80%91core-Unified/dp/B0DLHR4579/ref=sr_1_13?dib=eyJ2IjoiMSJ9.oBdAc7O3znd_-gFuihYepjLhEqX0L8rHRIrahXS8-g5uocx8oT_OYBMhW-TMe_MiSNw7wcwKdlwhzcTjGU4EfKx4rjl_MEKOBmI7LPN0rQqXhV-imCoKon0as71nROYVuJPFY5OSVbFWwmWm0lm-P6pqlZs9UfQFjNSOa5Zb65PTLeGba_-XFFUTYRozzAAiimnR7fXRdwgeFeqt8S100mjHBs9mS1GiGeFJIO9jiunKmIWDyp3jKQN59HjQb-pK5WJj97-91Oy0ifILPe-zUUdEBWwaG9dFLNVxdI_CzVk.dbp9lNBAr9G1TDhsRK85oQOAYau7QgdIHD7yUuxTCtI&dib_tag=se&keywords=Macbook+pro+m3&qid=1746501698&sr=8-13,B0DLHR4579,"$1,877.00",N/A,0
,https://www.amazon.com.au/Apple-2024-MacBook-15-inch-Laptop/dp/B0CX257855/ref=sr_1_14?dib=eyJ2IjoiMSJ9.oBdAc7O3znd_-gFuihYepjLhEqX0L8rHRIrahXS8-g5uocx8oT_OYBMhW-TMe_MiSNw7wcwKdlwhzcTjGU4EfKx4rjl_MEKOBmI7LPN0rQqXhV-imCoKon0as71nROYVuJPFY5OSVbFWwmWm0lm-P6pqlZs9UfQFjNSOa5Zb65PTLeGba_-XFFUTYRozzAAiimnR7fXRdwgeFeqt8S100mjHBs9mS1GiGeFJIO9jiunKmIWDyp3jKQN59HjQb-pK5WJj97-91Oy0ifILPe-zUUdEBWwaG9dFLNVxdI_CzVk.dbp9lNBAr9G1TDhsRK85oQOAYau7QgdIHD7yUuxTCtI&dib_tag=se&keywords=Macbook+pro+m3&qid=1746501698&sr=8-14,B0CX257855,"$2,094.00",4.4 out of 5 stars,
,https://www.amazon.com.au/Apple-MacBook-13-inch-10%E2%80%91core-Unified/dp/B0DLHYRR68/ref=sr_1_15?dib=eyJ2IjoiMSJ9.oBdAc7O3znd_-gFuihYepjLhEqX0L8rHRIrahXS8-g5uocx8oT_OYBMhW-TMe_MiSNw7wcwKdlwhzcTjGU4EfKx4rjl_MEKOBmI7LPN0rQqXhV-imCoKon0as71nROYVuJPFY5OSVbFWwmWm0lm-P6pqlZs9UfQFjNSOa5Zb65PTLeGba_-XFFUTYRozzAAiimnR7fXRdwgeFeqt8S100mjHBs9mS1GiGeFJIO9jiunKmIWDyp3jKQN59HjQb-pK5WJj97-91Oy0ifILPe-zUUdEBWwaG9dFLNVxdI_CzVk.dbp9lNBAr9G1TDhsRK85oQOAYau7QgdIHD7yUuxTCtI&dib_tag=se&keywords=Macbook+pro+m3&qid=1746501698&sr=8-15,B0DLHYRR68,"$1,994.00",N/A,0
,https://www.amazon.com.au/Apple-MacBook-i7-9750H-256GB-Renewed/dp/B0DBGZ4QCL/ref=sr_1_16?dib=eyJ2IjoiMSJ9.oBdAc7O3znd_-gFuihYepjLhEqX0L8rHRIrahXS8-g5uocx8oT_OYBMhW-TMe_MiSNw7wcwKdlwhzcTjGU4EfKx4rjl_MEKOBmI7LPN0rQqXhV-imCoKon0as71nROYVuJPFY5OSVbFWwmWm0lm-P6pqlZs9UfQFjNSOa5Zb65PTLeGba_-XFFUTYRozzAAiimnR7fXRdwgeFeqt8S100mjHBs9mS1GiGeFJIO9jiunKmIWDyp3jKQN59HjQb-pK5WJj97-91Oy0ifILPe-zUUdEBWwaG9dFLNVxdI_CzVk.dbp9lNBAr9G1TDhsRK85oQOAYau7QgdIHD7yUuxTCtI&dib_tag=se&keywords=Macbook+pro+m3&qid=1746501698&sr=8-16,B0DBGZ4QCL,$679.00,2.4 out of 5 stars,
,https://www.amazon.com.au/Apple-MacBook-15-inch-10%E2%80%91core-Unified/dp/B0DLHLXHDB/ref=sr_1_17?dib=eyJ2IjoiMSJ9.oBdAc7O3znd_-gFuihYepjLhEqX0L8rHRIrahXS8-g5uocx8oT_OYBMhW-TMe_MiSNw7wcwKdlwhzcTjGU4EfKx4rjl_MEKOBmI7LPN0rQqXhV-imCoKon0as71nROYVuJPFY5OSVbFWwmWm0lm-P6pqlZs9UfQFjNSOa5Zb65PTLeGba_-XFFUTYRozzAAiimnR7fXRdwgeFeqt8S100mjHBs9mS1GiGeFJIO9jiunKmIWDyp3jKQN59HjQb-pK5WJj97-91Oy0ifILPe-zUUdEBWwaG9dFLNVxdI_CzVk.dbp9lNBAr9G1TDhsRK85oQOAYau7QgdIHD7yUuxTCtI&dib_tag=se&keywords=Macbook+pro+m3&qid=1746501698&sr=8-17,B0DLHLXHDB,"$2,199.00",5.0 out of 5 stars,
,https://www.amazon.com.au/Apple-MacBook-13-inch-10%E2%80%91core-Unified/dp/B0DLHQFBJK/ref=sr_1_18?dib=eyJ2IjoiMSJ9.oBdAc7O3znd_-gFuihYepjLhEqX0L8rHRIrahXS8-g5uocx8oT_OYBMhW-TMe_MiSNw7wcwKdlwhzcTjGU4EfKx4rjl_MEKOBmI7LPN0rQqXhV-imCoKon0as71nROYVuJPFY5OSVbFWwmWm0lm-P6pqlZs9UfQFjNSOa5Zb65PTLeGba_-XFFUTYRozzAAiimnR7fXRdwgeFeqt8S100mjHBs9mS1GiGeFJIO9jiunKmIWDyp3jKQN59HjQb-pK5WJj97-91Oy0ifILPe-zUUdEBWwaG9dFLNVxdI_CzVk.dbp9lNBAr9G1TDhsRK85oQOAYau7QgdIHD7yUuxTCtI&dib_tag=se&keywords=Macbook+pro+m3&qid=1746501698&sr=8-18,B0DLHQFBJK,"$1,994.00",N/A,0
,https://www.amazon.com.au/Apple-2024-MacBook-15-inch-Laptop/dp/B0CX27FXGV/ref=sr_1_19?dib=eyJ2IjoiMSJ9.oBdAc7O3znd_-gFuihYepjLhEqX0L8rHRIrahXS8-g5uocx8oT_OYBMhW-TMe_MiSNw7wcwKdlwhzcTjGU4EfKx4rjl_MEKOBmI7LPN0rQqXhV-imCoKon0as71nROYVuJPFY5OSVbFWwmWm0lm-P6pqlZs9UfQFjNSOa5Zb65PTLeGba_-XFFUTYRozzAAiimnR7fXRdwgeFeqt8S100mjHBs9mS1GiGeFJIO9jiunKmIWDyp3jKQN59HjQb-pK5WJj97-91Oy0ifILPe-zUUdEBWwaG9dFLNVxdI_CzVk.dbp9lNBAr9G1TDhsRK85oQOAYau7QgdIHD7yUuxTCtI&dib_tag=se&keywords=Macbook+pro+m3&qid=1746501698&sr=8-19,B0CX27FXGV,"$2,197.00",4.4 out of 5 stars,
,https://www.amazon.com.au/Apple-2024-MacBook-15-inch-Laptop/dp/B0CX27MQJV/ref=sr_1_20?dib=eyJ2IjoiMSJ9.oBdAc7O3znd_-gFuihYepjLhEqX0L8rHRIrahXS8-g5uocx8oT_OYBMhW-TMe_MiSNw7wcwKdlwhzcTjGU4EfKx4rjl_MEKOBmI7LPN0rQqXhV-imCoKon0as71nROYVuJPFY5OSVbFWwmWm0lm-P6pqlZs9UfQFjNSOa5Zb65PTLeGba_-XFFUTYRozzAAiimnR7fXRdwgeFeqt8S100mjHBs9mS1GiGeFJIO9jiunKmIWDyp3jKQN59HjQb-pK5WJj97-91Oy0ifILPe-zUUdEBWwaG9dFLNVxdI_CzVk.dbp9lNBAr9G1TDhsRK85oQOAYau7QgdIHD7yUuxTCtI&dib_tag=se&keywords=Macbook+pro+m3&qid=1746501698&sr=8-20,B0CX27MQJV,N/A,4.4 out of 5 stars,
,https://www.amazon.com.au/Apple-2024-MacBook-13-inch-Laptop/dp/B0CX26P39R/ref=sr_1_21?dib=eyJ2IjoiMSJ9.oBdAc7O3znd_-gFuihYepjLhEqX0L8rHRIrahXS8-g5uocx8oT_OYBMhW-TMe_MiSNw7wcwKdlwhzcTjGU4EfKx4rjl_MEKOBmI7LPN0rQqXhV-imCoKon0as71nROYVuJPFY5OSVbFWwmWm0lm-P6pqlZs9UfQFjNSOa5Zb65PTLeGba_-XFFUTYRozzAAiimnR7fXRdwgeFeqt8S100mjHBs9mS1GiGeFJIO9jiunKmIWDyp3jKQN59HjQb-pK5WJj97-91Oy0ifILPe-zUUdEBWwaG9dFLNVxdI_CzVk.dbp9lNBAr9G1TDhsRK85oQOAYau7QgdIHD7yUuxTCtI&dib_tag=se&keywords=Macbook+pro+m3&qid=1746501698&sr=8-21,B0CX26P39R,N/A,5.0 out of 5 stars,
,https://www.amazon.com.au/Apple-MacBook-13-inch-8%E2%80%91core-Unified/dp/B0DLJ8VP3D/ref=sr_1_22?dib=eyJ2IjoiMSJ9.oBdAc7O3znd_-gFuihYepjLhEqX0L8rHRIrahXS8-g5uocx8oT_OYBMhW-TMe_MiSNw7wcwKdlwhzcTjGU4EfKx4rjl_MEKOBmI7LPN0rQqXhV-imCoKon0as71nROYVuJPFY5OSVbFWwmWm0lm-P6pqlZs9UfQFjNSOa5Zb65PTLeGba_-XFFUTYRozzAAiimnR7fXRdwgeFeqt8S100mjHBs9mS1GiGeFJIO9jiunKmIWDyp3jKQN59HjQb-pK5WJj97-91Oy0ifILPe-zUUdEBWwaG9dFLNVxdI_CzVk.dbp9lNBAr9G1TDhsRK85oQOAYau7QgdIHD7yUuxTCtI&dib_tag=se&keywords=Macbook+pro+m3&qid=1746501698&sr=8-22,B0DLJ8VP3D,"$1,799.00",N/A,0
,https://www.amazon.com.au/Apple-MacBook-14-inch-12-core-16-core/dp/B0DLJ329G7/ref=sr_1_23?dib=eyJ2IjoiMSJ9.oBdAc7O3znd_-gFuihYepjLhEqX0L8rHRIrahXS8-g5uocx8oT_OYBMhW-TMe_MiSNw7wcwKdlwhzcTjGU4EfKx4rjl_MEKOBmI7LPN0rQqXhV-imCoKon0as71nROYVuJPFY5OSVbFWwmWm0lm-P6pqlZs9UfQFjNSOa5Zb65PTLeGba_-XFFUTYRozzAAiimnR7fXRdwgeFeqt8S100mjHBs9mS1GiGeFJIO9jiunKmIWDyp3jKQN59HjQb-pK5WJj97-91Oy0ifILPe-zUUdEBWwaG9dFLNVxdI_CzVk.dbp9lNBAr9G1TDhsRK85oQOAYau7QgdIHD7yUuxTCtI&dib_tag=se&keywords=Macbook+pro+m3&qid=1746501698&sr=8-23,B0DLJ329G7,N/A,N/A,0
,https://www.amazon.com.au/Apple-MacBook-14-inch-10-core-Unified/dp/B0DLJ1FLXF/ref=sr_1_24?dib=eyJ2IjoiMSJ9.oBdAc7O3znd_-gFuihYepjLhEqX0L8rHRIrahXS8-g5uocx8oT_OYBMhW-TMe_MiSNw7wcwKdlwhzcTjGU4EfKx4rjl_MEKOBmI7LPN0rQqXhV-imCoKon0as71nROYVuJPFY5OSVbFWwmWm0lm-P6pqlZs9UfQFjNSOa5Zb65PTLeGba_-XFFUTYRozzAAiimnR7fXRdwgeFeqt8S100mjHBs9mS1GiGeFJIO9jiunKmIWDyp3jKQN59HjQb-pK5WJj97-91Oy0ifILPe-zUUdEBWwaG9dFLNVxdI_CzVk.dbp9lNBAr9G1TDhsRK85oQOAYau7QgdIHD7yUuxTCtI&dib_tag=se&keywords=Macbook+pro+m3&qid=1746501698&sr=8-24,B0DLJ1FLXF,N/A,N/A,0
,https://www.amazon.com.au/Apple-MacBook-16-inch-14%E2%80%91core-20%E2%80%91core/dp/B0DLHYS5G3/ref=sr_1_25?dib=eyJ2IjoiMSJ9.oBdAc7O3znd_-gFuihYepjLhEqX0L8rHRIrahXS8-g5uocx8oT_OYBMhW-TMe_MiSNw7wcwKdlwhzcTjGU4EfKx4rjl_MEKOBmI7LPN0rQqXhV-imCoKon0as71nROYVuJPFY5OSVbFWwmWm0lm-P6pqlZs9UfQFjNSOa5Zb65PTLeGba_-XFFUTYRozzAAiimnR7fXRdwgeFeqt8S100mjHBs9mS1GiGeFJIO9jiunKmIWDyp3jKQN59HjQb-pK5WJj97-91Oy0ifILPe-zUUdEBWwaG9dFLNVxdI_CzVk.dbp9lNBAr9G1TDhsRK85oQOAYau7QgdIHD7yUuxTCtI&dib_tag=se&keywords=Macbook+pro+m3&qid=1746501698&sr=8-25,B0DLHYS5G3,"$3,887.00",N/A,0
,https://www.amazon.com.au/Apple-MacBook-13-inch-8%E2%80%91core-Unified/dp/B0DLJ8TJXN/ref=sr_1_26?dib=eyJ2IjoiMSJ9.oBdAc7O3znd_-gFuihYepjLhEqX0L8rHRIrahXS8-g5uocx8oT_OYBMhW-TMe_MiSNw7wcwKdlwhzcTjGU4EfKx4rjl_MEKOBmI7LPN0rQqXhV-imCoKon0as71nROYVuJPFY5OSVbFWwmWm0lm-P6pqlZs9UfQFjNSOa5Zb65PTLeGba_-XFFUTYRozzAAiimnR7fXRdwgeFeqt8S100mjHBs9mS1GiGeFJIO9jiunKmIWDyp3jKQN59HjQb-pK5WJj97-91Oy0ifILPe-zUUdEBWwaG9dFLNVxdI_CzVk.dbp9lNBAr9G1TDhsRK85oQOAYau7QgdIHD7yUuxTCtI&dib_tag=se&keywords=Macbook+pro+m3&qid=1746501698&sr=8-26,B0DLJ8TJXN,"$1,799.00",N/A,0
,https://www.amazon.com.au/Apple-MacBook-Retina-i7-8750H-Renewed/dp/B0DZNN84NY/ref=sr_1_27?dib=eyJ2IjoiMSJ9.oBdAc7O3znd_-gFuihYepjLhEqX0L8rHRIrahXS8-g5uocx8oT_OYBMhW-TMe_MiSNw7wcwKdlwhzcTjGU4EfKx4rjl_MEKOBmI7LPN0rQqXhV-imCoKon0as71nROYVuJPFY5OSVbFWwmWm0lm-P6pqlZs9UfQFjNSOa5Zb65PTLeGba_-XFFUTYRozzAAiimnR7fXRdwgeFeqt8S100mjHBs9mS1GiGeFJIO9jiunKmIWDyp3jKQN59HjQb-pK5WJj97-91Oy0ifILPe-zUUdEBWwaG9dFLNVxdI_CzVk.dbp9lNBAr9G1TDhsRK85oQOAYau7QgdIHD7yUuxTCtI&dib_tag=se&keywords=Macbook+pro+m3&qid=1746501698&sr=8-27,B0DZNN84NY,$619.00,5.0 out of 5 stars,
,https://www.amazon.com.au/Apple-MacBook-15-inch-10%E2%80%91core-Unified/dp/B0DLHP6RCH/ref=sr_1_28?dib=eyJ2IjoiMSJ9.oBdAc7O3znd_-gFuihYepjLhEqX0L8rHRIrahXS8-g5uocx8oT_OYBMhW-TMe_MiSNw7wcwKdlwhzcTjGU4EfKx4rjl_MEKOBmI7LPN0rQqXhV-imCoKon0as71nROYVuJPFY5OSVbFWwmWm0lm-P6pqlZs9UfQFjNSOa5Zb65PTLeGba_-XFFUTYRozzAAiimnR7fXRdwgeFeqt8S100mjHBs9mS1GiGeFJIO9jiunKmIWDyp3jKQN59HjQb-pK5WJj97-91Oy0ifILPe-zUUdEBWwaG9dFLNVxdI_CzVk.dbp9lNBAr9G1TDhsRK85oQOAYau7QgdIHD7yUuxTCtI&dib_tag=se&keywords=Macbook+pro+m3&qid=1746501698&sr=8-28,B0DLHP6RCH,"$2,428.77",N/A,0
,https://www.amazon.com.au/MacBook-1-4GHz-Intel-13-inch-Renewed/dp/B0DYGBL9Y3/ref=sr_1_29?dib=eyJ2IjoiMSJ9.oBdAc7O3znd_-gFuihYepjLhEqX0L8rHRIrahXS8-g5uocx8oT_OYBMhW-TMe_MiSNw7wcwKdlwhzcTjGU4EfKx4rjl_MEKOBmI7LPN0rQqXhV-imCoKon0as71nROYVuJPFY5OSVbFWwmWm0lm-P6pqlZs9UfQFjNSOa5Zb65PTLeGba_-XFFUTYRozzAAiimnR7fXRdwgeFeqt8S100mjHBs9mS1GiGeFJIO9jiunKmIWDyp3jKQN59HjQb-pK5WJj97-91Oy0ifILPe-zUUdEBWwaG9dFLNVxdI_CzVk.dbp9lNBAr9G1TDhsRK85oQOAYau7QgdIHD7yUuxTCtI&dib_tag=se&keywords=Macbook+pro+m3&qid=1746501698&sr=8-29,B0DYGBL9Y3,N/A,N/A,0
,https://www.amazon.com.au/Apple-MacBook-14-inch-10-core-Unified/dp/B0DLHYBT99/ref=sr_1_30?dib=eyJ2IjoiMSJ9.oBdAc7O3znd_-gFuihYepjLhEqX0L8rHRIrahXS8-g5uocx8oT_OYBMhW-TMe_MiSNw7wcwKdlwhzcTjGU4EfKx4rjl_MEKOBmI7LPN0rQqXhV-imCoKon0as71nROYVuJPFY5OSVbFWwmWm0lm-P6pqlZs9UfQFjNSOa5Zb65PTLeGba_-XFFUTYRozzAAiimnR7fXRdwgeFeqt8S100mjHBs9mS1GiGeFJIO9jiunKmIWDyp3jKQN59HjQb-pK5WJj97-91Oy0ifILPe-zUUdEBWwaG9dFLNVxdI_CzVk.dbp9lNBAr9G1TDhsRK85oQOAYau7QgdIHD7yUuxTCtI&dib_tag=se&keywords=Macbook+pro+m3&qid=1746501698&sr=8-30,B0DLHYBT99,N/A,N/A,0
,https://www.amazon.com.au/Apple-MacBook-13-inch-8%E2%80%91core-Unified/dp/B0DLJCVCXV/ref=sr_1_31?dib=eyJ2IjoiMSJ9.oBdAc7O3znd_-gFuihYepjLhEqX0L8rHRIrahXS8-g5uocx8oT_OYBMhW-TMe_MiSNw7wcwKdlwhzcTjGU4EfKx4rjl_MEKOBmI7LPN0rQqXhV-imCoKon0as71nROYVuJPFY5OSVbFWwmWm0lm-P6pqlZs9UfQFjNSOa5Zb65PTLeGba_-XFFUTYRozzAAiimnR7fXRdwgeFeqt8S100mjHBs9mS1GiGeFJIO9jiunKmIWDyp3jKQN59HjQb-pK5WJj97-91Oy0ifILPe-zUUdEBWwaG9dFLNVxdI_CzVk.dbp9lNBAr9G1TDhsRK85oQOAYau7QgdIHD7yUuxTCtI&dib_tag=se&keywords=Macbook+pro+m3&qid=1746501698&sr=8-31,B0DLJCVCXV,"$1,723.79",N/A,0
,https://www.amazon.com.au/Apple-MacBook-13-inch-10%E2%80%91core-Unified/dp/B0DLHM63GP/ref=sr_1_32?dib=eyJ2IjoiMSJ9.oBdAc7O3znd_-gFuihYepjLhEqX0L8rHRIrahXS8-g5uocx8oT_OYBMhW-TMe_MiSNw7wcwKdlwhzcTjGU4EfKx4rjl_MEKOBmI7LPN0rQqXhV-imCoKon0as71nROYVuJPFY5OSVbFWwmWm0lm-P6pqlZs9UfQFjNSOa5Zb65PTLeGba_-XFFUTYRozzAAiimnR7fXRdwgeFeqt8S100mjHBs9mS1GiGeFJIO9jiunKmIWDyp3jKQN59HjQb-pK5WJj97-91Oy0ifILPe-zUUdEBWwaG9dFLNVxdI_CzVk.dbp9lNBAr9G1TDhsRK85oQOAYau7QgdIHD7yUuxTCtI&dib_tag=se&keywords=Macbook+pro+m3&qid=1746501698&sr=8-32,B0DLHM63GP,"$1,885.39",N/A,
,https://www.amazon.com.au/Apple-MacBook-10-core-16-core-16-inch/dp/B0DYFCN255/ref=sr_1_33?dib=eyJ2IjoiMSJ9.oBdAc7O3znd_-gFuihYepjLhEqX0L8rHRIrahXS8-g5uocx8oT_OYBMhW-TMe_MiSNw7wcwKdlwhzcTjGU4EfKx4rjl_MEKOBmI7LPN0rQqXhV-imCoKon0as71nROYVuJPFY5OSVbFWwmWm0lm-P6pqlZs9UfQFjNSOa5Zb65PTLeGba_-XFFUTYRozzAAiimnR7fXRdwgeFeqt8S100mjHBs9mS1GiGeFJIO9jiunKmIWDyp3jKQN59HjQb-pK5WJj97-91Oy0ifILPe-zUUdEBWwaG9dFLNVxdI_CzVk.dbp9lNBAr9G1TDhsRK85oQOAYau7QgdIHD7yUuxTCtI&dib_tag=se&keywords=Macbook+pro+m3&qid=1746501698&sr=8-33,B0DYFCN255,"$2,199.00",N/A,0
,https://www.amazon.com.au/Apple-MacBook-15-inch-10%E2%80%91core-Unified/dp/B0DLHP88PW/ref=sr_1_34?dib=eyJ2IjoiMSJ9.oBdAc7O3znd_-gFuihYepjLhEqX0L8rHRIrahXS8-g5uocx8oT_OYBMhW-TMe_MiSNw7wcwKdlwhzcTjGU4EfKx4rjl_MEKOBmI7LPN0rQqXhV-imCoKon0as71nROYVuJPFY5OSVbFWwmWm0lm-P6pqlZs9UfQFjNSOa5Zb65PTLeGba_-XFFUTYRozzAAiimnR7fXRdwgeFeqt8S100mjHBs9mS1GiGeFJIO9jiunKmIWDyp3jKQN59HjQb-pK5WJj97-91Oy0ifILPe-zUUdEBWwaG9dFLNVxdI_CzVk.dbp9lNBAr9G1TDhsRK85oQOAYau7QgdIHD7yUuxTCtI&dib_tag=se&keywords=Macbook+pro+m3&qid=1746501698&sr=8-34,B0DLHP88PW,"$2,394.00",N/A,0
,https://www.amazon.com.au/Apple-2024-MacBook-15-inch-Laptop/dp/B0CX263WRD/ref=sr_1_35?dib=eyJ2IjoiMSJ9.oBdAc7O3znd_-gFuihYepjLhEqX0L8rHRIrahXS8-g5uocx8oT_OYBMhW-TMe_MiSNw7wcwKdlwhzcTjGU4EfKx4rjl_MEKOBmI7LPN0rQqXhV-imCoKon0as71nROYVuJPFY5OSVbFWwmWm0lm-P6pqlZs9UfQFjNSOa5Zb65PTLeGba_-XFFUTYRozzAAiimnR7fXRdwgeFeqt8S100mjHBs9mS1GiGeFJIO9jiunKmIWDyp3jKQN59HjQb-pK5WJj97-91Oy0ifILPe-zUUdEBWwaG9dFLNVxdI_CzVk.dbp9lNBAr9G1TDhsRK85oQOAYau7QgdIHD7yUuxTCtI&dib_tag=se&keywords=Macbook+pro+m3&qid=1746501698&sr=8-35,B0CX263WRD,N/A,4.4 out of 5 stars,
,https://www.amazon.com.au/Apple-MacBook-15-inch-10%E2%80%91core-Unified/dp/B0DLJG2PYH/ref=sr_1_36?dib=eyJ2IjoiMSJ9.oBdAc7O3znd_-gFuihYepjLhEqX0L8rHRIrahXS8-g5uocx8oT_OYBMhW-TMe_MiSNw7wcwKdlwhzcTjGU4EfKx4rjl_MEKOBmI7LPN0rQqXhV-imCoKon0as71nROYVuJPFY5OSVbFWwmWm0lm-P6pqlZs9UfQFjNSOa5Zb65PTLeGba_-XFFUTYRozzAAiimnR7fXRdwgeFeqt8S100mjHBs9mS1GiGeFJIO9jiunKmIWDyp3jKQN59HjQb-pK5WJj97-91Oy0ifILPe-zUUdEBWwaG9dFLNVxdI_CzVk.dbp9lNBAr9G1TDhsRK85oQOAYau7QgdIHD7yUuxTCtI&dib_tag=se&keywords=Macbook+pro+m3&qid=1746501698&sr=8-36,B0DLJG2PYH,"$2,394.00",N/A,0
,https://www.amazon.com.au/Apple-2024-MacBook-Laptop-Chip/dp/B0CX221GLM/ref=sr_1_37?dib=eyJ2IjoiMSJ9.oBdAc7O3znd_-gFuihYepjLhEqX0L8rHRIrahXS8-g5uocx8oT_OYBMhW-TMe_MiSNw7wcwKdlwhzcTjGU4EfKx4rjl_MEKOBmI7LPN0rQqXhV-imCoKon0as71nROYVuJPFY5OSVbFWwmWm0lm-P6pqlZs9UfQFjNSOa5Zb65PTLeGba_-XFFUTYRozzAAiimnR7fXRdwgeFeqt8S100mjHBs9mS1GiGeFJIO9jiunKmIWDyp3jKQN59HjQb-pK5WJj97-91Oy0ifILPe-zUUdEBWwaG9dFLNVxdI_CzVk.dbp9lNBAr9G1TDhsRK85oQOAYau7QgdIHD7yUuxTCtI&dib_tag=se&keywords=Macbook+pro+m3&qid=1746501698&sr=8-37,B0CX221GLM,"$3,202.52",4.4 out of 5 stars,
,https://www.amazon.com.au/Apple-MacBook-14-inch-12-core-16-core/dp/B0DLHP31FM/ref=sr_1_38?dib=eyJ2IjoiMSJ9.oBdAc7O3znd_-gFuihYepjLhEqX0L8rHRIrahXS8-g5uocx8oT_OYBMhW-TMe_MiSNw7wcwKdlwhzcTjGU4EfKx4rjl_MEKOBmI7LPN0rQqXhV-imCoKon0as71nROYVuJPFY5OSVbFWwmWm0lm-P6pqlZs9UfQFjNSOa5Zb65PTLeGba_-XFFUTYRozzAAiimnR7fXRdwgeFeqt8S100mjHBs9mS1GiGeFJIO9jiunKmIWDyp3jKQN59HjQb-pK5WJj97-91Oy0ifILPe-zUUdEBWwaG9dFLNVxdI_CzVk.dbp9lNBAr9G1TDhsRK85oQOAYau7QgdIHD7yUuxTCtI&dib_tag=se&keywords=Macbook+pro+m3&qid=1746501698&sr=8-38,B0DLHP31FM,N/A,N/A,0
,https://www.amazon.com.au/Apple-MacBook-2-4GHz-16-inch-Renewed/dp/B0DYFJNFPC/ref=sr_1_39?dib=eyJ2IjoiMSJ9.oBdAc7O3znd_-gFuihYepjLhEqX0L8rHRIrahXS8-g5uocx8oT_OYBMhW-TMe_MiSNw7wcwKdlwhzcTjGU4EfKx4rjl_MEKOBmI7LPN0rQqXhV-imCoKon0as71nROYVuJPFY5OSVbFWwmWm0lm-P6pqlZs9UfQFjNSOa5Zb65PTLeGba_-XFFUTYRozzAAiimnR7fXRdwgeFeqt8S100mjHBs9mS1GiGeFJIO9jiunKmIWDyp3jKQN59HjQb-pK5WJj97-91Oy0ifILPe-zUUdEBWwaG9dFLNVxdI_CzVk.dbp9lNBAr9G1TDhsRK85oQOAYau7QgdIHD7yUuxTCtI&dib_tag=se&keywords=Macbook+pro+m3&qid=1746501698&sr=8-39,B0DYFJNFPC,N/A,N/A,0
,https://www.amazon.com.au/Apple-MacBook-12-core-19-core-16-inch/dp/B0DYFC3Q16/ref=sr_1_40?dib=eyJ2IjoiMSJ9.oBdAc7O3znd_-gFuihYepjLhEqX0L8rHRIrahXS8-g5uocx8oT_OYBMhW-TMe_MiSNw7wcwKdlwhzcTjGU4EfKx4rjl_MEKOBmI7LPN0rQqXhV-imCoKon0as71nROYVuJPFY5OSVbFWwmWm0lm-P6pqlZs9UfQFjNSOa5Zb65PTLeGba_-XFFUTYRozzAAiimnR7fXRdwgeFeqt8S100mjHBs9mS1GiGeFJIO9jiunKmIWDyp3jKQN59HjQb-pK5WJj97-91Oy0ifILPe-zUUdEBWwaG9dFLNVxdI_CzVk.dbp9lNBAr9G1TDhsRK85oQOAYau7QgdIHD7yUuxTCtI&dib_tag=se&keywords=Macbook+pro+m3&qid=1746501698&sr=8-40,B0DYFC3Q16,"$2,799.00",N/A,0
,https://www.amazon.com.au/Apple-MacBook-A1989-i7-8559U-Renewed/dp/B0DSVBTW8L/ref=sr_1_41?dib=eyJ2IjoiMSJ9.oBdAc7O3znd_-gFuihYepjLhEqX0L8rHRIrahXS8-g5uocx8oT_OYBMhW-TMe_MiSNw7wcwKdlwhzcTjGU4EfKx4rjl_MEKOBmI7LPN0rQqXhV-imCoKon0as71nROYVuJPFY5OSVbFWwmWm0lm-P6pqlZs9UfQFjNSOa5Zb65PTLeGba_-XFFUTYRozzAAiimnR7fXRdwgeFeqt8S100mjHBs9mS1GiGeFJIO9jiunKmIWDyp3jKQN59HjQb-pK5WJj97-91Oy0ifILPe-zUUdEBWwaG9dFLNVxdI_CzVk.dbp9lNBAr9G1TDhsRK85oQOAYau7QgdIHD7yUuxTCtI&dib_tag=se&keywords=Macbook+pro+m3&qid=1746501698&sr=8-41,B0DSVBTW8L,$699.00,N/A,0
,https://www.amazon.com.au/Apple-MacBook-15-inch-10%E2%80%91core-Unified/dp/B0DLHQKN3S/ref=sr_1_42?dib=eyJ2IjoiMSJ9.oBdAc7O3znd_-gFuihYepjLhEqX0L8rHRIrahXS8-g5uocx8oT_OYBMhW-TMe_MiSNw7wcwKdlwhzcTjGU4EfKx4rjl_MEKOBmI7LPN0rQqXhV-imCoKon0as71nROYVuJPFY5OSVbFWwmWm0lm-P6pqlZs9UfQFjNSOa5Zb65PTLeGba_-XFFUTYRozzAAiimnR7fXRdwgeFeqt8S100mjHBs9mS1GiGeFJIO9jiunKmIWDyp3jKQN59HjQb-pK5WJj97-91Oy0ifILPe-zUUdEBWwaG9dFLNVxdI_CzVk.dbp9lNBAr9G1TDhsRK85oQOAYau7QgdIHD7yUuxTCtI&dib_tag=se&keywords=Macbook+pro+m3&qid=1746501698&sr=8-42,B0DLHQKN3S,"$2,199.00",N/A,0
,https://www.amazon.com.au/Apple-MacBook-14-inch-14%E2%80%91core-20%E2%80%91core/dp/B0DLJL1BD8/ref=sr_1_43?dib=eyJ2IjoiMSJ9.oBdAc7O3znd_-gFuihYepjLhEqX0L8rHRIrahXS8-g5uocx8oT_OYBMhW-TMe_MiSNw7wcwKdlwhzcTjGU4EfKx4rjl_MEKOBmI7LPN0rQqXhV-imCoKon0as71nROYVuJPFY5OSVbFWwmWm0lm-P6pqlZs9UfQFjNSOa5Zb65PTLeGba_-XFFUTYRozzAAiimnR7fXRdwgeFeqt8S100mjHBs9mS1GiGeFJIO9jiunKmIWDyp3jKQN59HjQb-pK5WJj97-91Oy0ifILPe-zUUdEBWwaG9dFLNVxdI_CzVk.dbp9lNBAr9G1TDhsRK85oQOAYau7QgdIHD7yUuxTCtI&dib_tag=se&keywords=Macbook+pro+m3&qid=1746501698&sr=8-43,B0DLJL1BD8,"$3,967.00",N/A,0
,https://www.amazon.com.au/Apple-MacBook-16-inch-14%E2%80%91core-20%E2%80%91core/dp/B0DLHRFM56/ref=sr_1_44?dib=eyJ2IjoiMSJ9.oBdAc7O3znd_-gFuihYepjLhEqX0L8rHRIrahXS8-g5uocx8oT_OYBMhW-TMe_MiSNw7wcwKdlwhzcTjGU4EfKx4rjl_MEKOBmI7LPN0rQqXhV-imCoKon0as71nROYVuJPFY5OSVbFWwmWm0lm-P6pqlZs9UfQFjNSOa5Zb65PTLeGba_-XFFUTYRozzAAiimnR7fXRdwgeFeqt8S100mjHBs9mS1GiGeFJIO9jiunKmIWDyp3jKQN59HjQb-pK5WJj97-91Oy0ifILPe-zUUdEBWwaG9dFLNVxdI_CzVk.dbp9lNBAr9G1TDhsRK85oQOAYau7QgdIHD7yUuxTCtI&dib_tag=se&keywords=Macbook+pro+m3&qid=1746501698&sr=8-44,B0DLHRFM56,"$4,599.00",N/A,0
,https://www.amazon.com.au/Apple-MacBook-16-inch-14%E2%80%91core-32%E2%80%91core/dp/B0DLHNT5QY/ref=sr_1_45?dib=eyJ2IjoiMSJ9.oBdAc7O3znd_-gFuihYepjLhEqX0L8rHRIrahXS8-g5uocx8oT_OYBMhW-TMe_MiSNw7wcwKdlwhzcTjGU4EfKx4rjl_MEKOBmI7LPN0rQqXhV-imCoKon0as71nROYVuJPFY5OSVbFWwmWm0lm-P6pqlZs9UfQFjNSOa5Zb65PTLeGba_-XFFUTYRozzAAiimnR7fXRdwgeFeqt8S100mjHBs9mS1GiGeFJIO9jiunKmIWDyp3jKQN59HjQb-pK5WJj97-91Oy0ifILPe-zUUdEBWwaG9dFLNVxdI_CzVk.dbp9lNBAr9G1TDhsRK85oQOAYau7QgdIHD7yUuxTCtI&dib_tag=se&keywords=Macbook+pro+m3&qid=1746501698&sr=8-45,B0DLHNT5QY,"$5,587.00",N/A,0
,https://www.amazon.com.au/Apple-MacBook-14-inch-10%E2%80%91core-16%E2%80%91core/dp/B09JQQWR35/ref=sr_1_46?dib=eyJ2IjoiMSJ9.oBdAc7O3znd_-gFuihYepjLhEqX0L8rHRIrahXS8-g5uocx8oT_OYBMhW-TMe_MiSNw7wcwKdlwhzcTjGU4EfKx4rjl_MEKOBmI7LPN0rQqXhV-imCoKon0as71nROYVuJPFY5OSVbFWwmWm0lm-P6pqlZs9UfQFjNSOa5Zb65PTLeGba_-XFFUTYRozzAAiimnR7fXRdwgeFeqt8S100mjHBs9mS1GiGeFJIO9jiunKmIWDyp3jKQN59HjQb-pK5WJj97-91Oy0ifILPe-zUUdEBWwaG9dFLNVxdI_CzVk.dbp9lNBAr9G1TDhsRK85oQOAYau7QgdIHD7yUuxTCtI&dib_tag=se&keywords=Macbook+pro+m3&qid=1746501698&sr=8-46,B09JQQWR35,"$3,595.00",4.6 out of 5 stars,
,https://www.amazon.com.au/Apple-MacBook-15-inch-10%E2%80%91core-Unified/dp/B0DLHQMJH5/ref=sr_1_47?dib=eyJ2IjoiMSJ9.oBdAc7O3znd_-gFuihYepjLhEqX0L8rHRIrahXS8-g5uocx8oT_OYBMhW-TMe_MiSNw7wcwKdlwhzcTjGU4EfKx4rjl_MEKOBmI7LPN0rQqXhV-imCoKon0as71nROYVuJPFY5OSVbFWwmWm0lm-P6pqlZs9UfQFjNSOa5Zb65PTLeGba_-XFFUTYRozzAAiimnR7fXRdwgeFeqt8S100mjHBs9mS1GiGeFJIO9jiunKmIWDyp3jKQN59HjQb-pK5WJj97-91Oy0ifILPe-zUUdEBWwaG9dFLNVxdI_CzVk.dbp9lNBAr9G1TDhsRK85oQOAYau7QgdIHD7yUuxTCtI&dib_tag=se&keywords=Macbook+pro+m3&qid=1746501698&sr=8-47,B0DLHQMJH5,"$2,199.00",N/A,0
,https://www.amazon.com.au/Apple-MacBook-10-core-24-core-14-inch/dp/B0DYF9L7YW/ref=sr_1_48?dib=eyJ2IjoiMSJ9.oBdAc7O3znd_-gFuihYepjLhEqX0L8rHRIrahXS8-g5uocx8oT_OYBMhW-TMe_MiSNw7wcwKdlwhzcTjGU4EfKx4rjl_MEKOBmI7LPN0rQqXhV-imCoKon0as71nROYVuJPFY5OSVbFWwmWm0lm-P6pqlZs9UfQFjNSOa5Zb65PTLeGba_-XFFUTYRozzAAiimnR7fXRdwgeFeqt8S100mjHBs9mS1GiGeFJIO9jiunKmIWDyp3jKQN59HjQb-pK5WJj97-91Oy0ifILPe-zUUdEBWwaG9dFLNVxdI_CzVk.dbp9lNBAr9G1TDhsRK85oQOAYau7QgdIHD7yUuxTCtI&dib_tag=se&keywords=Macbook+pro+m3&qid=1746501698&sr=8-48,B0DYF9L7YW,"$2,779.00",N/A,0
